,main1,main2,main3,main4,main5,main6,bonus,times,date
1,2,8,10,13,27,30,39,第1回,2000年10月5日
2,1,9,16,20,21,43,5,第2回,2000年10月12日
3,1,5,15,31,36,38,13,第3回,2000年10月19日
4,16,18,26,27,34,40,13,第4回,2000年10月26日
5,9,15,21,23,27,28,43,第5回,2000年11月2日
6,6,12,23,25,28,38,22,第6回,2000年11月9日
7,7,19,21,23,33,35,26,第7回,2000年11月16日
8,11,16,18,20,42,43,28,第8回,2000年11月23日
9,11,19,23,38,39,42,15,第9回,2000年11月30日
10,1,3,19,21,35,39,26,第10回,2000年12月7日
11,12,26,32,37,40,42,16,第11回,2000年12月14日
12,14,17,27,28,35,39,22,第12回,2000年12月21日
13,13,29,31,37,41,42,17,第13回,2000年12月28日
14,2,8,11,35,37,38,43,第14回,2001年1月4日
15,4,6,11,20,21,28,36,第15回,2001年1月11日
16,5,12,13,29,34,35,30,第16回,2001年1月18日
17,14,20,25,34,35,36,11,第17回,2001年1月25日
18,6,16,18,27,36,41,33,第18回,2001年2月1日
19,4,8,12,30,33,43,14,第19回,2001年2月8日
20,7,29,33,35,37,39,19,第20回,2001年2月15日
21,5,7,13,19,38,41,42,第21回,2001年2月22日
22,8,12,16,19,20,35,41,第22回,2001年3月1日
23,7,10,28,32,33,40,13,第23回,2001年3月8日
24,15,18,19,30,36,38,13,第24回,2001年3月15日
25,11,32,34,37,40,43,8,第25回,2001年3月22日
26,3,4,11,12,13,43,22,第26回,2001年3月29日
27,4,8,20,30,33,38,10,第27回,2001年4月5日
28,6,11,15,20,31,41,7,第28回,2001年4月12日
29,8,12,20,35,37,40,33,第29回,2001年4月19日
30,4,16,17,19,26,37,8,第30回,2001年4月26日
31,7,18,22,25,28,43,4,第31回,2001年5月3日
32,3,6,7,23,29,41,33,第32回,2001年5月10日
33,8,17,22,25,29,41,13,第33回,2001年5月17日
34,2,20,25,30,37,40,10,第34回,2001年5月24日
35,3,5,13,30,32,41,28,第35回,2001年5月31日
36,1,16,20,23,30,40,17,第36回,2001年6月7日
37,3,5,9,17,21,41,26,第37回,2001年6月14日
38,2,9,26,27,34,43,42,第38回,2001年6月21日
39,10,18,22,25,39,42,17,第39回,2001年6月28日
40,5,17,25,34,38,39,2,第40回,2001年7月5日
41,18,21,27,33,36,38,23,第41回,2001年7月12日
42,4,15,21,24,33,37,9,第42回,2001年7月19日
43,1,2,3,15,24,26,27,第43回,2001年7月26日
44,3,16,24,31,34,42,36,第44回,2001年8月2日
45,7,9,28,32,36,38,8,第45回,2001年8月9日
46,11,14,21,24,25,42,41,第46回,2001年8月16日
47,3,11,14,25,27,31,22,第47回,2001年8月23日
48,2,5,28,30,33,40,26,第48回,2001年8月30日
49,2,13,21,31,32,41,35,第49回,2001年9月6日
50,5,13,15,25,27,39,40,第50回,2001年9月13日
51,7,15,24,37,38,41,34,第51回,2001年9月20日
52,1,16,24,25,36,42,21,第52回,2001年9月27日
53,2,15,23,37,40,43,25,第53回,2001年10月4日
54,14,25,26,31,37,42,7,第54回,2001年10月11日
55,11,12,13,14,37,39,28,第55回,2001年10月18日
56,10,13,25,31,32,42,40,第56回,2001年10月25日
57,2,14,22,27,35,42,34,第57回,2001年11月1日
58,4,8,9,13,16,25,28,第58回,2001年11月8日
59,9,15,17,30,32,41,31,第59回,2001年11月15日
60,20,21,23,28,30,42,29,第60回,2001年11月22日
61,4,8,22,25,27,28,6,第61回,2001年11月29日
62,2,3,9,12,15,30,42,第62回,2001年12月6日
63,11,16,20,28,34,40,22,第63回,2001年12月13日
64,2,14,19,22,32,41,9,第64回,2001年12月20日
65,2,10,22,23,31,43,28,第65回,2001年12月27日
66,7,15,17,30,33,35,14,第66回,2002年1月10日
67,1,4,6,11,18,25,3,第67回,2002年1月17日
68,16,23,30,35,37,39,38,第68回,2002年1月24日
69,1,9,31,35,40,41,14,第69回,2002年1月31日
70,6,11,20,23,24,31,17,第70回,2002年2月7日
71,1,10,11,13,19,20,3,第71回,2002年2月14日
72,10,12,24,29,33,37,34,第72回,2002年2月21日
73,1,6,15,19,27,36,25,第73回,2002年2月28日
74,3,14,27,28,40,43,39,第74回,2002年3月7日
75,2,4,9,19,23,31,18,第75回,2002年3月14日
76,1,10,12,16,20,35,29,第76回,2002年3月21日
77,5,10,15,28,37,38,13,第77回,2002年3月28日
78,5,14,23,32,33,43,37,第78回,2002年4月4日
79,20,22,27,32,36,43,23,第79回,2002年4月11日
80,1,4,12,16,19,34,18,第80回,2002年4月18日
81,1,11,15,23,26,27,41,第81回,2002年4月25日
82,10,12,19,25,26,39,28,第82回,2002年5月2日
83,1,16,21,28,35,37,30,第83回,2002年5月9日
84,17,19,26,28,35,37,40,第84回,2002年5月16日
85,5,13,18,22,23,32,28,第85回,2002年5月23日
86,3,7,16,24,29,36,26,第86回,2002年5月30日
87,3,8,12,36,39,41,10,第87回,2002年6月6日
88,5,6,8,20,21,26,30,第88回,2002年6月13日
89,3,13,23,30,35,43,21,第89回,2002年6月20日
90,13,15,17,18,30,32,9,第90回,2002年6月27日
91,13,15,17,26,41,43,6,第91回,2002年7月4日
92,5,17,20,24,28,40,16,第92回,2002年7月11日
93,10,23,33,36,37,41,28,第93回,2002年7月18日
94,11,16,17,18,29,40,9,第94回,2002年7月25日
95,2,3,12,15,25,27,33,第95回,2002年8月1日
96,1,13,15,34,36,43,37,第96回,2002年8月8日
97,4,10,17,34,35,42,43,第97回,2002年8月15日
98,7,16,34,37,38,39,8,第98回,2002年8月22日
99,5,9,12,28,29,39,27,第99回,2002年8月29日
100,6,8,11,14,31,33,23,第100回,2002年9月5日
101,21,27,29,30,36,40,23,第101回,2002年9月12日
102,4,5,18,27,35,36,41,第102回,2002年9月19日
103,1,16,17,27,29,34,39,第103回,2002年9月26日
104,1,11,17,26,28,35,12,第104回,2002年10月3日
105,1,9,14,22,25,34,18,第105回,2002年10月10日
106,8,11,21,22,25,27,26,第106回,2002年10月17日
107,4,5,11,12,28,32,37,第107回,2002年10月24日
108,9,22,23,25,34,37,8,第108回,2002年10月31日
109,2,5,12,18,30,41,24,第109回,2002年11月7日
110,5,6,8,19,37,41,9,第110回,2002年11月14日
111,11,15,21,31,32,43,24,第111回,2002年11月21日
112,16,18,23,25,29,30,41,第112回,2002年11月28日
113,3,17,27,29,30,42,6,第113回,2002年12月5日
114,7,13,14,29,38,42,9,第114回,2002年12月12日
115,8,9,11,27,37,39,18,第115回,2002年12月19日
116,8,10,15,16,26,31,42,第116回,2002年12月26日
117,5,7,19,20,38,43,4,第117回,2003年1月9日
118,9,13,21,30,32,37,20,第118回,2003年1月16日
119,3,4,11,12,15,30,17,第119回,2003年1月23日
120,15,18,22,25,36,40,14,第120回,2003年1月30日
121,3,8,10,22,28,41,35,第121回,2003年2月6日
122,19,20,21,25,33,42,41,第122回,2003年2月13日
123,14,21,26,28,29,31,8,第123回,2003年2月20日
124,4,17,23,30,39,40,28,第124回,2003年2月27日
125,11,15,19,30,36,41,10,第125回,2003年3月6日
126,5,6,9,10,21,38,20,第126回,2003年3月13日
127,14,16,21,26,37,40,3,第127回,2003年3月20日
128,6,10,18,20,29,39,21,第128回,2003年3月27日
129,6,18,25,26,30,42,24,第129回,2003年4月3日
130,22,30,31,34,38,39,2,第130回,2003年4月10日
131,6,30,33,34,40,43,1,第131回,2003年4月17日
132,3,18,23,31,32,37,1,第132回,2003年4月24日
133,17,24,26,35,40,41,16,第133回,2003年5月1日
134,2,6,11,14,18,19,21,第134回,2003年5月8日
135,7,13,30,33,35,36,11,第135回,2003年5月15日
136,3,13,26,31,32,39,1,第136回,2003年5月22日
137,10,13,20,22,25,42,14,第137回,2003年5月29日
138,7,9,10,16,23,29,18,第138回,2003年6月5日
139,10,21,22,28,37,41,12,第139回,2003年6月12日
140,17,19,29,37,39,40,10,第140回,2003年6月19日
141,8,9,14,24,32,39,30,第141回,2003年6月26日
142,2,16,22,27,29,39,38,第142回,2003年7月3日
143,17,21,22,27,33,41,43,第143回,2003年7月10日
144,1,16,19,33,38,41,43,第144回,2003年7月17日
145,1,4,10,21,23,38,7,第145回,2003年7月24日
146,7,17,27,36,37,39,4,第146回,2003年7月31日
147,16,18,20,29,30,38,27,第147回,2003年8月7日
148,3,16,18,20,28,29,9,第148回,2003年8月14日
149,8,9,13,20,33,37,19,第149回,2003年8月21日
150,10,11,18,20,31,43,27,第150回,2003年8月28日
151,3,8,17,25,28,32,27,第151回,2003年9月4日
152,4,8,12,16,31,33,17,第152回,2003年9月11日
153,4,7,8,12,25,26,41,第153回,2003年9月18日
154,7,9,18,26,27,38,14,第154回,2003年9月25日
155,5,6,7,18,22,27,41,第155回,2003年10月2日
156,6,20,22,29,30,35,39,第156回,2003年10月9日
157,5,8,17,19,25,27,21,第157回,2003年10月16日
158,1,6,12,35,37,38,30,第158回,2003年10月23日
159,12,23,30,31,38,42,6,第159回,2003年10月30日
160,4,10,20,30,31,32,26,第160回,2003年11月6日
161,23,26,28,33,38,42,8,第161回,2003年11月13日
162,3,22,25,30,33,37,35,第162回,2003年11月20日
163,2,3,11,17,24,34,28,第163回,2003年11月27日
164,1,2,13,14,35,38,32,第164回,2003年12月4日
165,9,11,16,21,25,36,10,第165回,2003年12月11日
166,14,18,20,28,34,38,17,第166回,2003年12月18日
167,10,14,17,19,29,42,2,第167回,2003年12月25日
168,1,6,31,32,36,39,42,第168回,2004年1月8日
169,3,15,17,19,26,36,39,第169回,2004年1月15日
170,10,12,15,17,30,31,6,第170回,2004年1月22日
171,5,6,17,23,32,33,39,第171回,2004年1月29日
172,10,11,22,23,33,34,27,第172回,2004年2月5日
173,6,10,22,30,31,35,18,第173回,2004年2月12日
174,2,9,16,36,38,42,6,第174回,2004年2月19日
175,2,3,10,22,28,40,43,第175回,2004年2月26日
176,8,19,25,31,34,37,30,第176回,2004年3月4日
177,6,18,19,30,36,41,27,第177回,2004年3月11日
178,10,22,27,30,36,39,4,第178回,2004年3月18日
179,3,6,11,13,15,16,23,第179回,2004年3月25日
180,4,10,11,12,20,36,28,第180回,2004年4月1日
181,1,2,7,21,29,30,23,第181回,2004年4月8日
182,22,23,28,37,40,43,30,第182回,2004年4月15日
183,14,29,31,36,38,40,33,第183回,2004年4月22日
184,5,7,23,31,39,42,19,第184回,2004年4月29日
185,8,13,14,18,35,41,33,第185回,2004年5月6日
186,7,16,18,33,36,41,4,第186回,2004年5月13日
187,12,21,22,27,39,40,25,第187回,2004年5月20日
188,3,8,18,25,26,39,38,第188回,2004年5月27日
189,3,32,35,36,39,40,5,第189回,2004年6月3日
190,17,23,30,31,39,43,42,第190回,2004年6月10日
191,4,7,25,27,34,43,35,第191回,2004年6月17日
192,3,7,19,27,39,41,10,第192回,2004年6月24日
193,3,4,18,31,40,43,22,第193回,2004年7月1日
194,4,11,12,21,36,38,37,第194回,2004年7月8日
195,5,10,12,22,26,41,19,第195回,2004年7月15日
196,4,5,11,16,30,33,14,第196回,2004年7月22日
197,9,10,17,22,28,30,19,第197回,2004年7月29日
198,4,5,6,17,20,42,10,第198回,2004年8月5日
199,3,14,24,25,33,36,41,第199回,2004年8月12日
200,4,7,11,19,25,28,2,第200回,2004年8月19日
201,10,13,16,17,24,39,43,第201回,2004年8月26日
202,9,18,26,28,33,40,10,第202回,2004年9月2日
203,12,18,20,27,35,37,39,第203回,2004年9月9日
204,2,17,20,25,39,42,30,第204回,2004年9月16日
205,4,7,9,16,18,34,26,第205回,2004年9月23日
206,1,3,16,22,41,43,13,第206回,2004年9月30日
207,17,21,23,30,31,34,5,第207回,2004年10月7日
208,18,24,29,32,35,39,23,第208回,2004年10月14日
209,8,27,30,35,40,41,9,第209回,2004年10月21日
210,1,6,21,22,37,40,19,第210回,2004年10月28日
211,10,14,23,26,33,36,24,第211回,2004年11月4日
212,1,11,17,32,35,39,20,第212回,2004年11月11日
213,4,7,18,26,29,43,8,第213回,2004年11月18日
214,4,7,9,11,20,36,32,第214回,2004年11月25日
215,1,4,13,18,22,31,30,第215回,2004年12月2日
216,9,21,29,33,35,41,27,第216回,2004年12月9日
217,8,19,23,27,29,39,28,第217回,2004年12月16日
218,8,10,18,22,31,36,4,第218回,2004年12月23日
219,27,28,29,34,35,39,33,第219回,2004年12月30日
220,23,25,26,29,33,37,40,第220回,2005年1月6日
221,8,27,30,31,38,42,13,第221回,2005年1月13日
222,4,14,15,22,29,31,20,第222回,2005年1月20日
223,7,9,19,26,30,32,3,第223回,2005年1月27日
224,12,17,18,19,30,35,13,第224回,2005年2月3日
225,9,11,21,31,35,38,13,第225回,2005年2月10日
226,8,26,36,40,42,43,21,第226回,2005年2月17日
227,6,13,17,29,32,36,35,第227回,2005年2月24日
228,5,8,17,26,36,39,34,第228回,2005年3月3日
229,8,16,21,24,27,36,20,第229回,2005年3月10日
230,4,9,18,31,36,42,34,第230回,2005年3月17日
231,1,4,6,16,18,43,41,第231回,2005年3月24日
232,1,5,7,26,39,43,32,第232回,2005年3月31日
233,6,18,26,40,41,42,9,第233回,2005年4月7日
234,11,17,24,26,27,30,19,第234回,2005年4月14日
235,6,21,23,24,28,39,38,第235回,2005年4月21日
236,1,8,9,14,34,38,4,第236回,2005年4月28日
237,1,3,11,13,27,37,30,第237回,2005年5月5日
238,5,10,15,20,33,37,30,第238回,2005年5月12日
239,4,9,18,30,31,40,24,第239回,2005年5月19日
240,11,15,26,31,36,39,12,第240回,2005年5月26日
241,8,14,27,33,36,40,20,第241回,2005年6月2日
242,1,10,13,22,29,32,38,第242回,2005年6月9日
243,5,34,35,38,42,43,8,第243回,2005年6月16日
244,11,12,30,36,38,39,37,第244回,2005年6月23日
245,3,6,18,24,28,36,21,第245回,2005年6月30日
246,16,28,32,34,39,42,38,第246回,2005年7月7日
247,8,16,30,32,34,39,13,第247回,2005年7月14日
248,11,32,35,36,39,41,6,第248回,2005年7月21日
249,1,3,17,23,33,35,18,第249回,2005年7月28日
250,3,8,9,13,22,42,11,第250回,2005年8月4日
251,2,12,19,25,29,36,26,第251回,2005年8月11日
252,2,6,13,22,32,33,12,第252回,2005年8月18日
253,15,16,19,22,36,43,13,第253回,2005年8月25日
254,12,13,22,23,25,29,40,第254回,2005年9月1日
255,6,7,12,17,34,42,8,第255回,2005年9月8日
256,15,17,18,28,30,37,40,第256回,2005年9月15日
257,7,15,29,30,39,40,11,第257回,2005年9月22日
258,3,15,16,17,25,31,40,第258回,2005年9月29日
259,1,12,15,23,34,42,27,第259回,2005年10月6日
260,11,15,21,31,37,41,30,第260回,2005年10月13日
261,6,17,18,21,35,41,32,第261回,2005年10月20日
262,5,7,11,19,21,25,27,第262回,2005年10月27日
263,1,5,13,22,39,41,4,第263回,2005年11月3日
264,2,5,6,8,20,27,43,第264回,2005年11月10日
265,2,3,16,22,23,28,40,第265回,2005年11月17日
266,11,15,18,24,30,39,7,第266回,2005年11月24日
267,3,5,8,22,35,38,41,第267回,2005年12月1日
268,3,6,8,14,24,36,15,第268回,2005年12月8日
269,1,10,13,15,21,23,36,第269回,2005年12月15日
270,17,19,21,29,33,38,30,第270回,2005年12月22日
271,9,10,19,25,40,41,8,第271回,2005年12月29日
272,7,12,13,20,23,26,41,第272回,2006年1月5日
273,4,18,20,21,29,40,37,第273回,2006年1月12日
274,4,5,14,27,31,39,6,第274回,2006年1月19日
275,4,13,15,31,33,40,8,第275回,2006年1月26日
276,6,11,27,30,33,36,34,第276回,2006年2月2日
277,7,9,18,20,30,38,23,第277回,2006年2月9日
278,9,13,14,17,22,38,33,第278回,2006年2月16日
279,7,11,12,23,30,43,27,第279回,2006年2月23日
280,6,12,26,37,38,39,25,第280回,2006年3月2日
281,3,9,10,11,19,35,30,第281回,2006年3月9日
282,1,9,17,31,41,43,23,第282回,2006年3月16日
283,6,9,16,22,27,37,36,第283回,2006年3月23日
284,20,26,30,33,35,38,4,第284回,2006年3月30日
285,1,3,9,14,16,29,37,第285回,2006年4月6日
286,10,11,14,28,31,41,3,第286回,2006年4月13日
287,1,5,18,34,35,39,7,第287回,2006年4月20日
288,3,4,11,25,28,33,35,第288回,2006年4月27日
289,7,9,12,17,34,38,3,第289回,2006年5月4日
290,11,13,15,17,22,43,8,第290回,2006年5月11日
291,10,15,20,28,41,43,19,第291回,2006年5月18日
292,7,14,27,31,34,39,40,第292回,2006年5月25日
293,6,8,15,17,36,43,38,第293回,2006年6月1日
294,2,5,13,14,17,20,21,第294回,2006年6月8日
295,9,12,18,20,37,43,5,第295回,2006年6月15日
296,4,19,27,30,31,37,10,第296回,2006年6月22日
297,6,8,9,20,38,40,2,第297回,2006年6月29日
298,12,25,29,31,35,40,26,第298回,2006年7月6日
299,2,4,5,17,35,41,18,第299回,2006年7月13日
300,4,7,29,33,36,39,9,第300回,2006年7月20日
301,4,5,6,9,10,11,33,第301回,2006年7月27日
302,2,4,13,23,38,40,24,第302回,2006年8月3日
303,4,24,31,35,37,39,13,第303回,2006年8月10日
304,3,7,8,15,17,31,27,第304回,2006年8月17日
305,1,2,5,23,31,34,43,第305回,2006年8月24日
306,1,20,25,28,31,42,2,第306回,2006年8月31日
307,1,7,11,32,33,40,27,第307回,2006年9月7日
308,3,13,18,20,23,28,35,第308回,2006年9月14日
309,1,4,26,36,41,42,9,第309回,2006年9月21日
310,3,4,5,18,28,37,26,第310回,2006年9月28日
311,1,16,22,36,37,42,34,第311回,2006年10月5日
312,2,17,22,29,38,42,16,第312回,2006年10月12日
313,1,19,21,31,32,40,33,第313回,2006年10月19日
314,3,8,14,30,38,43,6,第314回,2006年10月26日
315,1,2,17,24,40,41,31,第315回,2006年11月2日
316,3,4,20,30,40,41,31,第316回,2006年11月9日
317,7,8,15,30,35,36,40,第317回,2006年11月16日
318,2,7,13,16,36,37,41,第318回,2006年11月23日
319,15,20,23,28,37,40,17,第319回,2006年11月30日
320,1,5,25,27,38,41,9,第320回,2006年12月7日
321,21,29,31,36,38,41,10,第321回,2006年12月14日
322,18,19,22,25,35,42,36,第322回,2006年12月21日
323,9,11,21,23,33,39,26,第323回,2006年12月28日
324,5,13,27,37,39,41,36,第324回,2007年1月4日
325,6,7,18,29,33,39,43,第325回,2007年1月11日
326,1,7,9,14,23,43,19,第326回,2007年1月18日
327,6,12,14,28,31,36,35,第327回,2007年1月25日
328,3,7,10,12,19,36,35,第328回,2007年2月1日
329,6,8,15,17,39,40,37,第329回,2007年2月8日
330,5,12,16,19,28,39,34,第330回,2007年2月15日
331,2,8,17,24,32,38,35,第331回,2007年2月22日
332,7,8,16,24,26,34,19,第332回,2007年3月1日
333,1,5,7,15,41,42,38,第333回,2007年3月8日
334,11,14,17,18,34,36,23,第334回,2007年3月15日
335,4,5,10,23,36,42,8,第335回,2007年3月22日
336,3,6,13,17,20,29,11,第336回,2007年3月29日
337,5,15,16,20,34,39,29,第337回,2007年4月5日
338,8,10,25,31,39,40,35,第338回,2007年4月12日
339,3,5,9,26,34,36,12,第339回,2007年4月19日
340,4,10,13,31,35,42,7,第340回,2007年4月26日
341,4,14,23,25,28,35,41,第341回,2007年5月3日
342,8,15,26,27,34,38,10,第342回,2007年5月10日
343,13,28,29,37,38,41,35,第343回,2007年5月17日
344,8,11,16,20,28,36,42,第344回,2007年5月24日
345,10,21,22,25,35,37,18,第345回,2007年5月31日
346,4,9,11,12,32,38,16,第346回,2007年6月7日
347,8,20,23,27,32,33,13,第347回,2007年6月14日
348,4,5,6,27,36,38,13,第348回,2007年6月21日
349,8,13,15,19,20,30,25,第349回,2007年6月28日
350,13,18,25,26,29,40,6,第350回,2007年7月5日
351,3,13,16,24,26,43,15,第351回,2007年7月12日
352,6,8,24,25,34,38,10,第352回,2007年7月19日
353,1,9,15,16,22,26,29,第353回,2007年7月26日
354,4,6,22,31,34,41,43,第354回,2007年8月2日
355,1,11,24,26,36,37,39,第355回,2007年8月9日
356,1,5,8,12,17,29,28,第356回,2007年8月16日
357,2,10,11,12,19,38,6,第357回,2007年8月23日
358,12,31,32,34,39,42,30,第358回,2007年8月30日
359,3,5,19,20,23,27,40,第359回,2007年9月6日
360,2,3,6,14,26,42,25,第360回,2007年9月13日
361,1,21,28,30,37,43,31,第361回,2007年9月20日
362,7,10,15,20,37,40,28,第362回,2007年9月27日
363,3,6,7,22,27,31,4,第363回,2007年10月4日
364,7,11,12,19,33,42,36,第364回,2007年10月11日
365,6,19,20,28,36,37,11,第365回,2007年10月18日
366,12,13,15,18,30,41,21,第366回,2007年10月25日
367,10,13,17,38,41,43,28,第367回,2007年11月1日
368,7,10,18,21,33,35,13,第368回,2007年11月8日
369,3,9,12,16,18,37,14,第369回,2007年11月15日
370,2,11,13,15,16,32,43,第370回,2007年11月22日
371,14,15,23,24,32,34,31,第371回,2007年11月29日
372,7,19,28,33,35,39,21,第372回,2007年12月6日
373,7,14,15,19,35,43,30,第373回,2007年12月13日
374,4,24,25,26,27,34,28,第374回,2007年12月20日
375,7,9,14,17,36,37,11,第375回,2007年12月27日
376,20,21,25,27,34,38,16,第376回,2008年1月10日
377,2,3,8,20,21,24,13,第377回,2008年1月17日
378,11,13,19,26,36,43,31,第378回,2008年1月24日
379,8,13,15,21,33,34,5,第379回,2008年1月31日
380,17,22,25,26,27,43,16,第380回,2008年2月7日
381,4,13,15,22,39,41,30,第381回,2008年2月14日
382,2,6,15,28,29,43,14,第382回,2008年2月21日
383,7,12,17,18,24,28,43,第383回,2008年2月28日
384,17,19,20,22,33,41,35,第384回,2008年3月6日
385,6,31,34,35,37,40,7,第385回,2008年3月13日
386,2,9,11,15,23,25,27,第386回,2008年3月20日
387,12,16,19,27,30,32,38,第387回,2008年3月27日
388,5,12,14,18,20,31,2,第388回,2008年4月3日
389,6,12,22,25,31,35,28,第389回,2008年4月10日
390,5,16,17,22,39,43,21,第390回,2008年4月17日
391,8,20,23,24,29,38,43,第391回,2008年4月24日
392,10,15,18,30,31,37,11,第392回,2008年5月1日
393,7,18,27,37,38,43,35,第393回,2008年5月8日
394,14,27,28,31,37,40,18,第394回,2008年5月15日
395,15,21,26,28,42,43,39,第395回,2008年5月22日
396,9,12,21,26,33,40,5,第396回,2008年5月29日
397,15,16,23,30,39,43,11,第397回,2008年6月5日
398,2,31,36,37,39,43,13,第398回,2008年6月12日
399,1,14,17,28,31,37,21,第399回,2008年6月19日
400,4,9,19,22,23,33,38,第400回,2008年6月26日
401,14,15,27,34,35,42,37,第401回,2008年7月3日
402,3,18,23,24,29,33,28,第402回,2008年7月10日
403,8,10,13,20,24,33,23,第403回,2008年7月17日
404,3,10,14,18,26,43,33,第404回,2008年7月24日
405,6,13,19,20,30,31,8,第405回,2008年7月31日
406,1,2,4,16,36,37,40,第406回,2008年8月7日
407,11,18,19,30,37,39,38,第407回,2008年8月14日
408,12,20,23,28,31,32,39,第408回,2008年8月21日
409,6,13,17,27,28,36,33,第409回,2008年8月28日
410,2,12,16,20,42,43,28,第410回,2008年9月4日
411,2,4,6,24,35,39,34,第411回,2008年9月11日
412,2,6,7,9,16,19,33,第412回,2008年9月18日
413,2,14,15,26,35,37,25,第413回,2008年9月25日
414,1,2,4,5,9,25,15,第414回,2008年10月2日
415,9,28,33,34,37,43,41,第415回,2008年10月9日
416,12,15,22,24,29,37,6,第416回,2008年10月16日
417,3,20,23,30,31,37,6,第417回,2008年10月23日
418,3,12,16,25,32,36,34,第418回,2008年10月30日
419,5,8,16,25,26,30,1,第419回,2008年11月6日
420,14,19,21,28,29,31,24,第420回,2008年11月13日
421,2,6,8,10,25,34,31,第421回,2008年11月20日
422,5,6,7,8,28,38,36,第422回,2008年11月27日
423,1,2,3,30,35,36,21,第423回,2008年12月4日
424,3,13,17,25,40,41,4,第424回,2008年12月11日
425,2,3,12,20,34,43,4,第425回,2008年12月18日
426,6,8,9,29,32,37,4,第426回,2008年12月25日
427,5,12,13,33,39,42,20,第427回,2009年1月8日
428,8,16,18,35,42,43,13,第428回,2009年1月15日
429,17,25,29,33,37,42,7,第429回,2009年1月22日
430,1,8,18,26,34,42,21,第430回,2009年1月29日
431,1,5,19,20,35,41,33,第431回,2009年2月5日
432,8,20,23,24,42,43,16,第432回,2009年2月12日
433,3,9,11,24,26,34,25,第433回,2009年2月19日
434,3,12,19,33,35,36,37,第434回,2009年2月26日
435,2,11,12,28,35,37,27,第435回,2009年3月5日
436,4,12,21,22,27,38,31,第436回,2009年3月12日
437,2,5,11,21,23,43,15,第437回,2009年3月19日
438,3,9,16,17,20,31,42,第438回,2009年3月26日
439,11,14,20,28,32,41,27,第439回,2009年4月2日
440,9,23,29,30,31,39,18,第440回,2009年4月9日
441,10,18,33,34,39,41,21,第441回,2009年4月16日
442,2,23,26,35,41,42,38,第442回,2009年4月23日
443,6,10,21,22,23,35,5,第443回,2009年4月30日
444,5,13,16,18,24,32,30,第444回,2009年5月7日
445,10,20,23,26,37,40,9,第445回,2009年5月14日
446,3,8,17,26,27,36,13,第446回,2009年5月21日
447,15,23,29,36,42,43,34,第447回,2009年5月28日
448,9,23,32,35,39,42,37,第448回,2009年6月4日
449,19,20,21,23,27,32,24,第449回,2009年6月11日
450,15,20,21,32,40,42,27,第450回,2009年6月18日
451,6,14,16,19,26,39,21,第451回,2009年6月25日
452,1,5,25,27,29,40,19,第452回,2009年7月2日
453,7,17,19,27,35,40,41,第453回,2009年7月9日
454,2,16,18,27,42,43,12,第454回,2009年7月16日
455,11,20,26,28,30,43,24,第455回,2009年7月23日
456,3,7,15,25,30,39,22,第456回,2009年7月30日
457,10,12,27,32,34,43,42,第457回,2009年8月6日
458,1,18,27,30,36,40,5,第458回,2009年8月13日
459,11,13,27,31,37,43,30,第459回,2009年8月20日
460,18,22,23,32,35,40,7,第460回,2009年8月27日
461,8,10,13,30,32,42,12,第461回,2009年9月3日
462,2,4,6,16,31,33,5,第462回,2009年9月10日
463,10,13,16,25,30,42,28,第463回,2009年9月17日
464,10,21,22,25,27,37,36,第464回,2009年9月24日
465,6,24,27,30,32,38,13,第465回,2009年10月1日
466,1,4,19,28,34,40,14,第466回,2009年10月8日
467,18,19,20,24,32,43,41,第467回,2009年10月15日
468,9,17,26,30,34,40,33,第468回,2009年10月22日
469,10,12,20,35,40,43,28,第469回,2009年10月29日
470,1,11,17,23,38,43,18,第470回,2009年11月5日
471,2,13,14,22,23,32,34,第471回,2009年11月12日
472,10,17,28,30,36,42,5,第472回,2009年11月19日
473,6,16,17,22,34,37,26,第473回,2009年11月26日
474,12,15,19,25,28,41,18,第474回,2009年12月3日
475,5,9,10,27,33,42,2,第475回,2009年12月10日
476,7,17,22,30,36,40,2,第476回,2009年12月17日
477,12,14,16,18,38,41,17,第477回,2009年12月24日
478,11,14,23,30,31,38,42,第478回,2010年1月7日
479,5,7,14,17,20,27,3,第479回,2010年1月14日
480,2,5,17,18,35,38,34,第480回,2010年1月21日
481,2,9,11,24,25,34,20,第481回,2010年1月28日
482,4,30,31,36,37,38,19,第482回,2010年2月4日
483,2,8,15,24,33,35,30,第483回,2010年2月11日
484,13,19,25,29,32,35,42,第484回,2010年2月18日
485,14,26,30,33,34,39,19,第485回,2010年2月25日
486,16,25,27,29,34,41,6,第486回,2010年3月4日
487,2,6,8,19,22,34,30,第487回,2010年3月11日
488,5,15,29,34,39,42,6,第488回,2010年3月18日
489,6,8,12,30,33,43,36,第489回,2010年3月25日
490,5,9,13,28,34,40,10,第490回,2010年4月1日
491,7,9,20,27,31,34,33,第491回,2010年4月8日
492,1,8,12,20,23,37,10,第492回,2010年4月15日
493,8,26,30,36,41,42,20,第493回,2010年4月22日
494,8,16,19,23,26,31,6,第494回,2010年4月29日
495,4,6,20,21,29,33,31,第495回,2010年5月6日
496,2,6,11,29,32,41,3,第496回,2010年5月13日
497,6,12,14,17,36,40,34,第497回,2010年5月20日
498,1,25,36,41,42,43,39,第498回,2010年5月27日
499,3,9,15,16,22,35,12,第499回,2010年6月3日
500,6,20,28,31,34,38,10,第500回,2010年6月10日
501,3,17,21,23,36,38,7,第501回,2010年6月17日
502,9,12,27,28,29,41,7,第502回,2010年6月24日
503,1,18,25,27,28,39,11,第503回,2010年7月1日
504,12,21,22,27,29,31,35,第504回,2010年7月8日
505,19,21,27,33,34,43,41,第505回,2010年7月15日
506,5,11,21,27,37,39,26,第506回,2010年7月22日
507,5,14,19,21,28,31,17,第507回,2010年7月29日
508,1,7,14,15,24,42,13,第508回,2010年8月5日
509,3,4,12,18,27,28,40,第509回,2010年8月12日
510,12,15,26,35,41,43,25,第510回,2010年8月19日
511,4,22,23,27,38,43,9,第511回,2010年8月26日
512,14,20,23,25,33,39,34,第512回,2010年9月2日
513,1,6,12,14,15,19,18,第513回,2010年9月9日
514,6,7,14,15,19,41,31,第514回,2010年9月16日
515,2,3,23,25,33,35,34,第515回,2010年9月23日
516,2,14,16,17,29,30,10,第516回,2010年9月30日
517,6,10,13,14,28,37,39,第517回,2010年10月7日
518,14,31,34,35,40,42,25,第518回,2010年10月14日
519,1,13,25,29,30,33,35,第519回,2010年10月21日
520,2,4,12,14,26,43,40,第520回,2010年10月28日
521,1,8,15,21,23,30,33,第521回,2010年11月4日
522,3,6,16,23,25,43,37,第522回,2010年11月11日
523,7,8,26,27,41,43,16,第523回,2010年11月18日
524,7,11,14,18,35,40,43,第524回,2010年11月25日
525,1,11,17,28,33,38,20,第525回,2010年12月2日
526,8,14,18,19,26,27,23,第526回,2010年12月9日
527,5,7,12,23,39,41,9,第527回,2010年12月16日
528,2,5,12,21,28,32,41,第528回,2010年12月23日
529,6,19,21,24,31,41,7,第529回,2010年12月30日
530,1,10,19,30,33,36,35,第530回,2011年1月6日
531,5,12,16,24,26,33,8,第531回,2011年1月13日
532,23,28,33,35,37,42,4,第532回,2011年1月20日
533,6,16,24,31,41,43,7,第533回,2011年1月27日
534,1,2,19,22,26,37,43,第534回,2011年2月3日
535,6,14,23,24,27,32,11,第535回,2011年2月10日
536,4,10,12,14,23,36,2,第536回,2011年2月17日
537,10,18,22,24,26,37,12,第537回,2011年2月24日
538,2,11,14,23,26,33,28,第538回,2011年3月3日
539,3,10,13,17,18,28,24,第539回,2011年3月10日
540,15,23,29,35,36,41,42,第540回,2011年3月17日
541,3,4,5,28,34,43,20,第541回,2011年3月24日
542,10,14,23,35,38,41,17,第542回,2011年3月31日
543,15,17,18,19,22,31,30,第543回,2011年4月4日
544,11,14,16,32,41,42,33,第544回,2011年4月7日
545,16,21,24,28,32,36,35,第545回,2011年4月11日
546,1,14,30,34,40,43,27,第546回,2011年4月14日
547,6,10,11,30,32,39,27,第547回,2011年4月18日
548,12,13,16,28,29,35,5,第548回,2011年4月21日
549,5,14,27,29,32,33,16,第549回,2011年4月25日
550,12,15,19,32,36,42,37,第550回,2011年4月28日
551,15,16,19,21,26,42,10,第551回,2011年5月2日
552,13,22,26,30,40,41,8,第552回,2011年5月5日
553,3,9,11,15,27,37,10,第553回,2011年5月9日
554,16,27,34,35,36,38,37,第554回,2011年5月12日
555,2,3,7,9,36,42,5,第555回,2011年5月16日
556,6,9,13,17,29,30,25,第556回,2011年5月19日
557,6,18,23,32,38,43,37,第557回,2011年5月23日
558,4,32,33,38,41,43,2,第558回,2011年5月26日
559,2,7,16,25,26,43,3,第559回,2011年5月30日
560,4,17,19,37,39,42,16,第560回,2011年6月2日
561,4,14,30,35,40,41,29,第561回,2011年6月6日
562,9,10,11,25,30,37,12,第562回,2011年6月9日
563,4,5,26,28,34,38,8,第563回,2011年6月13日
564,3,12,18,24,34,39,16,第564回,2011年6月16日
565,3,6,8,21,28,32,10,第565回,2011年6月20日
566,10,17,18,29,30,41,7,第566回,2011年6月23日
567,7,13,17,23,28,34,25,第567回,2011年6月27日
568,7,10,15,31,32,42,41,第568回,2011年6月30日
569,4,19,21,25,28,40,38,第569回,2011年7月4日
570,2,4,10,28,38,43,25,第570回,2011年7月7日
571,6,20,21,23,33,38,10,第571回,2011年7月11日
572,10,12,18,38,42,43,40,第572回,2011年7月14日
573,3,5,21,30,37,38,11,第573回,2011年7月18日
574,4,11,16,20,26,43,9,第574回,2011年7月21日
575,4,11,17,21,23,30,18,第575回,2011年7月25日
576,8,9,21,24,29,37,1,第576回,2011年7月28日
577,3,12,29,31,36,37,26,第577回,2011年8月1日
578,16,22,23,27,33,37,36,第578回,2011年8月4日
579,6,8,17,19,23,42,32,第579回,2011年8月8日
580,12,15,17,25,35,43,32,第580回,2011年8月11日
581,5,22,28,29,35,39,21,第581回,2011年8月15日
582,7,10,14,25,32,38,13,第582回,2011年8月18日
583,2,12,17,18,40,43,16,第583回,2011年8月22日
584,10,11,24,26,37,38,21,第584回,2011年8月25日
585,1,28,32,34,41,42,22,第585回,2011年8月29日
586,6,7,10,23,36,42,11,第586回,2011年9月1日
587,10,12,18,27,33,40,42,第587回,2011年9月5日
588,8,13,18,33,34,36,23,第588回,2011年9月8日
589,1,9,10,28,41,42,33,第589回,2011年9月12日
590,20,24,25,27,32,37,2,第590回,2011年9月15日
591,1,13,16,22,27,33,5,第591回,2011年9月19日
592,12,14,22,23,34,41,36,第592回,2011年9月22日
593,2,10,16,26,29,30,4,第593回,2011年9月26日
594,4,5,15,30,34,38,2,第594回,2011年9月29日
595,1,5,15,22,39,40,27,第595回,2011年10月3日
596,2,13,17,24,29,34,12,第596回,2011年10月6日
597,3,4,7,13,16,23,1,第597回,2011年10月10日
598,6,10,15,21,36,41,40,第598回,2011年10月13日
599,1,2,8,13,27,39,36,第599回,2011年10月17日
600,3,20,23,24,28,35,26,第600回,2011年10月20日
601,6,22,25,26,30,39,32,第601回,2011年10月24日
602,8,13,15,18,24,41,27,第602回,2011年10月27日
603,3,8,18,21,23,42,17,第603回,2011年10月31日
604,9,15,20,22,28,43,37,第604回,2011年11月3日
605,1,4,13,25,38,43,11,第605回,2011年11月7日
606,8,15,24,26,35,42,7,第606回,2011年11月10日
607,2,3,8,12,20,21,16,第607回,2011年11月14日
608,4,6,16,17,18,26,40,第608回,2011年11月17日
609,18,24,36,37,39,41,1,第609回,2011年11月21日
610,2,5,12,23,26,41,36,第610回,2011年11月24日
611,10,12,14,24,34,39,16,第611回,2011年11月28日
612,7,18,31,32,39,40,35,第612回,2011年12月1日
613,2,6,18,26,32,37,5,第613回,2011年12月5日
614,2,6,22,25,31,42,1,第614回,2011年12月8日
615,6,16,24,32,36,43,28,第615回,2011年12月12日
616,4,7,18,19,24,35,17,第616回,2011年12月15日
617,5,8,18,28,34,35,10,第617回,2011年12月19日
618,4,15,21,31,35,42,13,第618回,2011年12月22日
619,2,11,29,31,33,38,14,第619回,2011年12月26日
620,7,10,13,19,31,38,12,第620回,2011年12月29日
621,6,15,16,28,36,40,20,第621回,2012年1月5日
622,7,16,18,20,27,36,41,第622回,2012年1月9日
623,7,8,16,35,39,42,9,第623回,2012年1月12日
624,4,8,12,22,25,30,43,第624回,2012年1月16日
625,5,17,26,37,39,42,20,第625回,2012年1月19日
626,6,13,14,22,26,28,10,第626回,2012年1月23日
627,2,4,7,19,34,42,30,第627回,2012年1月26日
628,7,13,15,18,29,38,30,第628回,2012年1月30日
629,6,16,21,30,34,43,36,第629回,2012年2月2日
630,3,7,13,18,19,41,38,第630回,2012年2月6日
631,2,5,7,10,36,40,12,第631回,2012年2月9日
632,3,4,14,21,22,25,26,第632回,2012年2月13日
633,7,9,11,14,15,18,5,第633回,2012年2月16日
634,8,10,13,15,20,40,23,第634回,2012年2月20日
635,8,11,12,15,41,43,22,第635回,2012年2月23日
636,2,12,21,23,24,26,36,第636回,2012年2月27日
637,7,12,16,28,31,34,11,第637回,2012年3月1日
638,6,11,19,28,35,40,14,第638回,2012年3月5日
639,1,16,20,24,33,34,8,第639回,2012年3月8日
640,3,11,18,20,33,39,22,第640回,2012年3月12日
641,3,14,21,24,26,29,32,第641回,2012年3月15日
642,8,13,14,21,33,41,18,第642回,2012年3月19日
643,2,6,21,31,35,37,15,第643回,2012年3月22日
644,4,14,22,23,26,42,2,第644回,2012年3月26日
645,3,10,12,32,33,43,31,第645回,2012年3月29日
646,9,12,14,24,28,33,37,第646回,2012年4月2日
647,2,7,15,22,36,43,27,第647回,2012年4月5日
648,22,26,27,28,36,43,1,第648回,2012年4月9日
649,14,22,29,33,36,40,38,第649回,2012年4月12日
650,12,31,34,40,41,43,6,第650回,2012年4月16日
651,4,15,17,34,38,40,5,第651回,2012年4月19日
652,1,10,16,19,20,39,29,第652回,2012年4月23日
653,13,21,22,26,29,36,31,第653回,2012年4月26日
654,12,18,21,29,32,38,2,第654回,2012年4月30日
655,5,10,23,26,28,29,27,第655回,2012年5月3日
656,2,8,13,17,25,37,30,第656回,2012年5月7日
657,3,20,29,33,34,40,2,第657回,2012年5月10日
658,14,24,32,40,41,42,9,第658回,2012年5月14日
659,21,30,35,39,41,42,3,第659回,2012年5月17日
660,8,20,31,36,37,38,39,第660回,2012年5月21日
661,6,9,17,20,33,40,26,第661回,2012年5月24日
662,12,31,32,34,36,40,6,第662回,2012年5月28日
663,13,18,21,30,33,40,25,第663回,2012年5月31日
664,2,8,11,12,26,29,22,第664回,2012年6月4日
665,13,22,27,29,36,37,40,第665回,2012年6月7日
666,2,6,28,30,31,41,7,第666回,2012年6月11日
667,21,31,34,37,39,40,15,第667回,2012年6月14日
668,7,13,20,27,34,35,22,第668回,2012年6月18日
669,4,6,10,17,24,33,19,第669回,2012年6月21日
670,1,4,7,25,32,41,18,第670回,2012年6月25日
671,5,10,14,16,23,38,21,第671回,2012年6月28日
672,1,5,23,24,36,43,19,第672回,2012年7月2日
673,2,6,16,27,28,29,38,第673回,2012年7月5日
674,8,11,15,22,40,41,39,第674回,2012年7月9日
675,8,10,15,21,24,34,28,第675回,2012年7月12日
676,2,8,20,33,38,42,21,第676回,2012年7月16日
677,4,11,22,31,32,35,23,第677回,2012年7月19日
678,8,24,25,29,32,40,28,第678回,2012年7月23日
679,4,5,7,37,41,42,39,第679回,2012年7月26日
680,8,9,23,34,38,41,6,第680回,2012年7月30日
681,1,11,13,30,37,41,27,第681回,2012年8月2日
682,3,5,7,18,19,41,34,第682回,2012年8月6日
683,16,24,29,32,35,38,37,第683回,2012年8月9日
684,6,7,13,18,27,33,16,第684回,2012年8月13日
685,12,23,27,32,39,43,15,第685回,2012年8月16日
686,21,24,26,35,37,38,16,第686回,2012年8月20日
687,16,20,27,33,40,42,34,第687回,2012年8月23日
688,9,12,16,33,34,35,1,第688回,2012年8月27日
689,6,8,12,17,24,31,38,第689回,2012年8月30日
690,7,8,10,21,34,38,30,第690回,2012年9月3日
691,4,7,8,15,16,42,23,第691回,2012年9月6日
692,9,10,12,19,21,42,15,第692回,2012年9月10日
693,4,14,18,22,32,35,10,第693回,2012年9月13日
694,8,23,27,31,38,40,3,第694回,2012年9月17日
695,4,7,11,12,13,19,27,第695回,2012年9月20日
696,2,10,14,19,36,39,9,第696回,2012年9月24日
697,2,12,14,18,40,41,6,第697回,2012年9月27日
698,5,20,21,26,30,33,27,第698回,2012年10月1日
699,12,13,21,25,29,32,20,第699回,2012年10月4日
700,1,8,17,24,33,35,11,第700回,2012年10月8日
701,20,22,24,32,36,39,29,第701回,2012年10月11日
702,1,20,23,37,38,40,4,第702回,2012年10月15日
703,20,24,27,28,38,41,4,第703回,2012年10月18日
704,7,10,16,18,19,37,20,第704回,2012年10月22日
705,14,15,16,18,20,33,3,第705回,2012年10月25日
706,2,8,29,31,34,37,9,第706回,2012年10月29日
707,8,15,21,32,40,41,7,第707回,2012年11月1日
708,2,13,20,22,25,38,35,第708回,2012年11月5日
709,1,11,13,29,37,39,8,第709回,2012年11月8日
710,4,5,9,20,33,37,35,第710回,2012年11月12日
711,5,11,15,24,34,39,37,第711回,2012年11月15日
712,2,5,8,9,14,25,18,第712回,2012年11月19日
713,19,20,21,24,25,26,35,第713回,2012年11月22日
714,2,14,26,28,29,42,13,第714回,2012年11月26日
715,5,10,12,25,28,31,36,第715回,2012年11月29日
716,5,7,14,24,25,35,32,第716回,2012年12月3日
717,13,14,16,21,29,42,20,第717回,2012年12月6日
718,15,20,27,29,33,43,18,第718回,2012年12月10日
719,11,14,27,31,34,42,13,第719回,2012年12月13日
720,25,26,27,28,35,38,19,第720回,2012年12月17日
721,1,14,23,24,27,40,10,第721回,2012年12月20日
722,6,11,32,34,35,39,18,第722回,2012年12月24日
723,16,27,28,36,39,42,2,第723回,2012年12月27日
724,4,9,32,37,38,39,31,第724回,2013年1月7日
725,5,6,7,20,31,41,22,第725回,2013年1月10日
726,13,21,30,31,37,40,14,第726回,2013年1月14日
727,3,24,26,27,39,41,4,第727回,2013年1月17日
728,10,15,22,23,38,42,12,第728回,2013年1月21日
729,2,10,16,18,27,42,22,第729回,2013年1月24日
730,10,15,21,22,33,35,1,第730回,2013年1月28日
731,6,7,23,25,38,42,21,第731回,2013年1月31日
732,20,33,35,36,37,38,29,第732回,2013年2月4日
733,5,13,14,26,37,38,28,第733回,2013年2月7日
734,10,19,22,27,29,39,21,第734回,2013年2月11日
735,5,12,19,22,32,39,14,第735回,2013年2月14日
736,2,14,17,19,38,43,6,第736回,2013年2月18日
737,6,10,21,24,27,39,11,第737回,2013年2月21日
738,14,21,22,32,33,41,9,第738回,2013年2月25日
739,11,13,18,20,28,38,31,第739回,2013年2月28日
740,8,9,15,26,37,40,18,第740回,2013年3月4日
741,8,11,15,29,36,43,18,第741回,2013年3月7日
742,2,12,13,14,22,35,4,第742回,2013年3月11日
743,3,4,8,10,14,37,32,第743回,2013年3月14日
744,2,5,12,14,30,42,3,第744回,2013年3月18日
745,8,12,16,23,33,34,6,第745回,2013年3月21日
746,6,9,10,29,31,35,28,第746回,2013年3月25日
747,8,19,20,23,24,35,5,第747回,2013年3月28日
748,2,14,16,27,28,30,21,第748回,2013年4月1日
749,7,8,11,13,23,40,25,第749回,2013年4月4日
750,4,6,13,16,18,39,34,第750回,2013年4月8日
751,13,16,21,25,31,38,43,第751回,2013年4月11日
752,3,5,13,18,22,37,14,第752回,2013年4月15日
753,2,4,11,15,20,38,18,第753回,2013年4月18日
754,16,27,33,35,39,41,42,第754回,2013年4月22日
755,10,16,20,25,29,39,2,第755回,2013年4月25日
756,8,10,24,26,27,28,32,第756回,2013年4月29日
757,4,10,14,19,35,38,17,第757回,2013年5月2日
758,11,19,20,25,38,40,33,第758回,2013年5月6日
759,14,22,25,28,37,41,31,第759回,2013年5月9日
760,3,4,6,15,32,40,34,第760回,2013年5月13日
761,8,10,11,12,20,40,42,第761回,2013年5月16日
762,6,8,9,20,24,27,40,第762回,2013年5月20日
763,6,8,10,21,39,42,36,第763回,2013年5月23日
764,6,7,24,34,42,43,14,第764回,2013年5月27日
765,4,14,17,22,26,41,6,第765回,2013年5月30日
766,6,10,12,32,37,39,33,第766回,2013年6月3日
767,2,6,11,27,29,37,14,第767回,2013年6月6日
768,1,8,19,25,32,38,39,第768回,2013年6月10日
769,1,2,4,16,17,38,8,第769回,2013年6月13日
770,17,19,21,22,36,37,25,第770回,2013年6月17日
771,15,21,31,32,33,34,27,第771回,2013年6月20日
772,7,11,16,19,20,23,30,第772回,2013年6月24日
773,4,7,10,11,12,32,9,第773回,2013年6月27日
774,2,4,9,13,16,33,15,第774回,2013年7月1日
775,1,2,21,22,37,38,17,第775回,2013年7月4日
776,2,8,14,23,28,42,25,第776回,2013年7月8日
777,15,16,23,29,37,39,42,第777回,2013年7月11日
778,5,11,17,24,35,41,3,第778回,2013年7月15日
779,10,13,27,34,36,39,7,第779回,2013年7月18日
780,6,7,12,26,39,43,4,第780回,2013年7月22日
781,5,6,15,23,40,43,39,第781回,2013年7月25日
782,19,21,23,24,27,43,10,第782回,2013年7月29日
783,9,14,22,24,25,32,13,第783回,2013年8月1日
784,1,9,23,29,37,41,22,第784回,2013年8月5日
785,1,9,18,20,24,29,15,第785回,2013年8月8日
786,10,11,17,31,35,39,23,第786回,2013年8月12日
787,4,5,13,21,33,34,15,第787回,2013年8月15日
788,2,8,13,27,31,32,16,第788回,2013年8月19日
789,12,17,29,32,38,40,28,第789回,2013年8月22日
790,9,13,19,27,34,38,8,第790回,2013年8月26日
791,1,10,22,24,34,37,20,第791回,2013年8月29日
792,1,7,14,25,37,43,4,第792回,2013年9月2日
793,10,13,14,19,26,43,12,第793回,2013年9月5日
794,15,22,25,29,34,42,2,第794回,2013年9月9日
795,13,19,24,28,33,38,29,第795回,2013年9月12日
796,1,7,11,14,22,34,2,第796回,2013年9月16日
797,1,4,13,18,23,39,35,第797回,2013年9月19日
798,1,3,5,25,39,41,34,第798回,2013年9月23日
799,4,6,8,10,19,28,25,第799回,2013年9月26日
800,8,12,22,23,25,35,43,第800回,2013年9月30日
801,2,18,19,20,25,31,32,第801回,2013年10月3日
802,9,13,18,19,25,30,15,第802回,2013年10月7日
803,9,29,33,34,35,41,27,第803回,2013年10月10日
804,6,20,23,25,31,33,30,第804回,2013年10月14日
805,2,14,19,22,24,43,6,第805回,2013年10月17日
806,3,16,19,25,39,40,29,第806回,2013年10月21日
807,1,6,12,20,22,23,27,第807回,2013年10月24日
808,13,18,22,28,41,42,26,第808回,2013年10月28日
809,2,11,20,31,32,37,17,第809回,2013年10月31日
810,3,31,32,38,39,40,37,第810回,2013年11月4日
811,2,6,20,24,31,40,34,第811回,2013年11月7日
812,1,12,15,26,34,40,22,第812回,2013年11月11日
813,9,10,12,13,28,38,39,第813回,2013年11月14日
814,4,7,15,23,38,42,1,第814回,2013年11月18日
815,1,2,6,24,25,41,29,第815回,2013年11月21日
816,5,14,19,24,27,37,9,第816回,2013年11月25日
817,16,21,27,32,34,43,42,第817回,2013年11月28日
818,5,21,24,34,37,38,16,第818回,2013年12月2日
819,10,19,23,25,30,40,14,第819回,2013年12月5日
820,1,11,19,28,39,43,16,第820回,2013年12月9日
821,7,10,12,34,40,43,16,第821回,2013年12月12日
822,6,11,15,24,27,33,29,第822回,2013年12月16日
823,5,6,23,30,37,38,28,第823回,2013年12月19日
824,16,19,26,27,29,32,4,第824回,2013年12月23日
825,6,10,12,16,39,40,20,第825回,2013年12月26日
826,5,15,22,24,29,36,2,第826回,2013年12月30日
827,2,4,23,24,33,41,5,第827回,2014年1月6日
828,2,9,10,24,25,43,26,第828回,2014年1月9日
829,2,3,23,32,36,39,20,第829回,2014年1月13日
830,5,6,9,18,28,40,22,第830回,2014年1月16日
831,3,4,7,13,22,31,19,第831回,2014年1月20日
832,19,24,27,31,32,33,17,第832回,2014年1月23日
833,5,6,13,20,22,28,2,第833回,2014年1月27日
834,4,17,27,39,41,42,8,第834回,2014年1月30日
835,5,9,10,28,39,40,24,第835回,2014年2月3日
836,7,11,31,34,38,43,28,第836回,2014年2月6日
837,5,17,34,37,39,42,28,第837回,2014年2月10日
838,12,28,32,36,38,43,13,第838回,2014年2月13日
839,1,3,5,12,13,38,37,第839回,2014年2月17日
840,3,4,17,24,27,34,39,第840回,2014年2月20日
841,8,22,24,28,31,36,38,第841回,2014年2月24日
842,8,11,17,26,33,43,24,第842回,2014年2月27日
843,3,7,8,26,42,43,11,第843回,2014年3月3日
844,2,5,18,27,35,38,24,第844回,2014年3月6日
845,2,12,13,22,24,34,20,第845回,2014年3月10日
846,9,14,18,28,30,33,4,第846回,2014年3月13日
847,9,10,23,31,35,36,38,第847回,2014年3月17日
848,6,7,13,15,35,39,33,第848回,2014年3月20日
849,1,3,4,10,15,40,34,第849回,2014年3月24日
850,2,11,30,32,38,41,4,第850回,2014年3月27日
851,5,8,14,20,26,27,7,第851回,2014年3月31日
852,3,17,22,23,27,40,35,第852回,2014年4月3日
853,2,9,22,26,31,35,7,第853回,2014年4月7日
854,4,11,14,18,25,37,42,第854回,2014年4月10日
855,10,13,15,25,37,42,30,第855回,2014年4月14日
856,10,24,32,34,38,40,43,第856回,2014年4月17日
857,1,3,6,17,28,42,24,第857回,2014年4月21日
858,3,14,29,32,33,42,40,第858回,2014年4月24日
859,1,12,15,17,21,36,24,第859回,2014年4月28日
860,14,16,32,35,38,41,6,第860回,2014年5月1日
861,4,17,21,28,35,42,29,第861回,2014年5月5日
862,5,10,16,34,36,39,43,第862回,2014年5月8日
863,4,14,18,26,35,36,2,第863回,2014年5月12日
864,19,21,24,28,32,40,12,第864回,2014年5月15日
865,5,7,8,12,23,25,26,第865回,2014年5月19日
866,1,3,10,21,29,43,39,第866回,2014年5月22日
867,2,14,21,26,37,38,18,第867回,2014年5月26日
868,5,18,19,26,31,43,10,第868回,2014年5月29日
869,5,7,23,24,37,38,40,第869回,2014年6月2日
870,1,11,14,21,23,39,26,第870回,2014年6月5日
871,3,10,11,13,20,27,25,第871回,2014年6月9日
872,6,10,17,18,19,24,7,第872回,2014年6月12日
873,4,22,26,27,32,43,20,第873回,2014年6月16日
874,2,8,21,27,33,37,42,第874回,2014年6月19日
875,4,5,11,13,22,25,43,第875回,2014年6月23日
876,11,12,18,25,35,39,9,第876回,2014年6月26日
877,3,14,17,32,35,43,10,第877回,2014年6月30日
878,5,14,16,22,25,40,43,第878回,2014年7月3日
879,24,27,34,35,36,43,25,第879回,2014年7月7日
880,1,8,11,16,25,32,19,第880回,2014年7月10日
881,4,6,12,18,28,41,35,第881回,2014年7月14日
882,5,15,23,26,30,36,6,第882回,2014年7月17日
883,10,16,25,29,38,42,23,第883回,2014年7月21日
884,2,7,25,26,38,42,19,第884回,2014年7月24日
885,22,28,33,36,37,41,14,第885回,2014年7月28日
886,7,10,13,23,34,39,11,第886回,2014年7月31日
887,3,4,6,18,32,37,7,第887回,2014年8月4日
888,2,4,9,36,37,39,43,第888回,2014年8月7日
889,2,10,21,28,41,43,12,第889回,2014年8月11日
890,1,4,6,14,28,31,21,第890回,2014年8月14日
891,7,9,14,30,42,43,24,第891回,2014年8月18日
892,14,19,31,35,40,43,38,第892回,2014年8月21日
893,10,12,26,28,29,37,34,第893回,2014年8月25日
894,4,5,9,20,21,32,40,第894回,2014年8月28日
895,5,12,24,25,37,38,39,第895回,2014年9月1日
896,5,6,21,27,32,38,34,第896回,2014年9月4日
897,8,10,14,15,27,30,12,第897回,2014年9月8日
898,13,17,21,25,29,37,23,第898回,2014年9月11日
899,3,10,15,18,27,40,38,第899回,2014年9月15日
900,8,12,21,22,31,35,2,第900回,2014年9月18日
901,6,13,22,28,29,37,14,第901回,2014年9月22日
902,11,21,26,31,32,33,22,第902回,2014年9月25日
903,1,3,6,7,16,19,12,第903回,2014年9月29日
904,2,4,6,15,21,41,29,第904回,2014年10月2日
905,4,15,24,40,41,42,31,第905回,2014年10月6日
906,6,9,12,13,30,40,31,第906回,2014年10月9日
907,5,13,18,22,27,41,19,第907回,2014年10月13日
908,6,14,21,22,23,30,32,第908回,2014年10月16日
909,12,15,21,27,30,35,28,第909回,2014年10月20日
910,11,12,13,17,25,33,14,第910回,2014年10月23日
911,8,16,18,22,27,35,3,第911回,2014年10月27日
912,5,14,19,20,32,42,11,第912回,2014年10月30日
913,5,8,20,31,36,41,16,第913回,2014年11月3日
914,2,3,26,33,36,40,19,第914回,2014年11月6日
915,7,12,21,33,38,40,42,第915回,2014年11月10日
916,6,14,25,27,38,43,21,第916回,2014年11月13日
917,2,6,25,26,41,42,18,第917回,2014年11月17日
918,10,15,25,29,34,36,39,第918回,2014年11月20日
919,2,9,12,17,33,42,26,第919回,2014年11月24日
920,9,17,27,30,35,38,6,第920回,2014年11月27日
921,5,7,26,36,38,39,32,第921回,2014年12月1日
922,4,6,19,32,33,38,1,第922回,2014年12月4日
923,5,13,30,31,32,35,29,第923回,2014年12月8日
924,13,20,24,32,35,42,43,第924回,2014年12月11日
925,25,26,27,28,32,37,40,第925回,2014年12月15日
926,16,26,32,35,37,39,25,第926回,2014年12月18日
927,2,29,30,31,33,34,37,第927回,2014年12月22日
928,1,21,23,26,31,33,14,第928回,2014年12月25日
929,10,12,15,25,31,34,26,第929回,2014年12月29日
930,10,12,37,39,40,43,11,第930回,2015年1月5日
931,14,18,19,24,25,33,21,第931回,2015年1月8日
932,4,15,30,37,42,43,32,第932回,2015年1月12日
933,5,9,20,21,31,41,26,第933回,2015年1月15日
934,3,7,16,17,20,32,12,第934回,2015年1月19日
935,2,12,14,26,38,43,8,第935回,2015年1月22日
936,1,3,12,16,20,35,5,第936回,2015年1月26日
937,13,15,21,25,36,41,8,第937回,2015年1月29日
938,5,9,12,19,30,35,29,第938回,2015年2月2日
939,8,11,15,17,26,43,32,第939回,2015年2月5日
940,1,18,28,31,35,37,39,第940回,2015年2月9日
941,5,12,22,29,38,39,19,第941回,2015年2月12日
942,2,3,14,27,28,38,8,第942回,2015年2月16日
943,9,10,14,15,39,43,25,第943回,2015年2月19日
944,7,20,25,29,33,37,27,第944回,2015年2月23日
945,3,10,15,23,36,37,31,第945回,2015年2月26日
946,2,9,12,16,31,36,41,第946回,2015年3月2日
947,1,6,21,23,27,40,9,第947回,2015年3月5日
948,7,16,17,28,39,43,24,第948回,2015年3月9日
949,5,19,26,36,39,43,9,第949回,2015年3月12日
950,2,6,16,24,30,41,18,第950回,2015年3月16日
951,11,15,22,23,26,30,37,第951回,2015年3月19日
952,10,16,22,25,31,39,27,第952回,2015年3月23日
953,2,9,17,38,39,42,20,第953回,2015年3月26日
954,3,23,24,28,29,42,41,第954回,2015年3月30日
955,14,19,27,28,37,42,24,第955回,2015年4月2日
956,1,4,6,22,24,38,34,第956回,2015年4月6日
957,2,11,22,32,36,42,20,第957回,2015年4月9日
958,9,18,23,24,26,30,21,第958回,2015年4月13日
959,1,16,18,28,36,38,42,第959回,2015年4月16日
960,5,18,23,32,35,39,10,第960回,2015年4月20日
961,5,11,17,18,19,25,34,第961回,2015年4月23日
962,4,6,10,24,32,37,35,第962回,2015年4月27日
963,4,23,29,31,32,35,17,第963回,2015年4月30日
964,2,21,23,29,30,43,26,第964回,2015年5月4日
965,10,12,19,20,21,22,13,第965回,2015年5月7日
966,10,22,31,34,36,43,30,第966回,2015年5月11日
967,1,11,26,30,32,40,8,第967回,2015年5月14日
968,6,10,15,20,23,26,17,第968回,2015年5月18日
969,3,9,19,22,23,40,10,第969回,2015年5月21日
970,2,4,18,23,31,38,1,第970回,2015年5月25日
971,2,3,4,12,22,29,11,第971回,2015年5月28日
972,2,7,17,18,21,40,29,第972回,2015年6月1日
973,1,5,6,12,30,31,24,第973回,2015年6月4日
974,2,3,29,30,32,43,26,第974回,2015年6月8日
975,3,11,13,27,29,36,15,第975回,2015年6月11日
976,6,13,22,28,42,43,29,第976回,2015年6月15日
977,10,15,17,27,42,43,33,第977回,2015年6月18日
978,3,11,19,30,38,42,31,第978回,2015年6月22日
979,9,12,16,18,27,38,10,第979回,2015年6月25日
980,15,20,23,35,38,42,13,第980回,2015年6月29日
981,14,19,22,23,31,37,21,第981回,2015年7月2日
982,15,19,21,22,29,40,42,第982回,2015年7月6日
983,15,19,32,35,36,38,31,第983回,2015年7月9日
984,14,23,24,28,37,38,20,第984回,2015年7月13日
985,3,11,19,26,29,38,31,第985回,2015年7月16日
986,4,11,17,30,36,43,5,第986回,2015年7月20日
987,3,14,15,24,25,36,33,第987回,2015年7月23日
988,5,6,10,22,34,41,19,第988回,2015年7月27日
989,5,7,31,33,36,39,21,第989回,2015年7月30日
990,4,12,16,27,28,41,42,第990回,2015年8月3日
991,3,18,21,25,29,37,35,第991回,2015年8月6日
992,4,6,8,22,27,38,34,第992回,2015年8月10日
993,1,5,10,32,38,40,18,第993回,2015年8月13日
994,18,22,29,31,39,43,9,第994回,2015年8月17日
995,7,11,17,21,37,39,36,第995回,2015年8月20日
996,1,3,14,26,27,42,25,第996回,2015年8月24日
997,3,5,8,11,33,43,23,第997回,2015年8月27日
998,1,3,12,19,26,29,28,第998回,2015年8月31日
999,8,15,17,30,32,36,43,第999回,2015年9月3日
1000,1,15,21,22,26,29,37,第1000回,2015年9月7日
1001,9,12,15,16,18,35,2,第1001回,2015年9月10日
1002,8,14,22,25,27,41,11,第1002回,2015年9月14日
1003,13,22,26,34,38,43,42,第1003回,2015年9月17日
1004,3,21,23,24,27,32,36,第1004回,2015年9月21日
1005,5,13,20,24,25,27,42,第1005回,2015年9月24日
1006,7,8,16,31,32,33,12,第1006回,2015年9月28日
1007,3,8,17,25,28,43,42,第1007回,2015年10月1日
1008,11,14,16,21,24,39,36,第1008回,2015年10月5日
1009,3,19,34,36,40,43,28,第1009回,2015年10月8日
1010,6,12,16,24,25,37,17,第1010回,2015年10月12日
1011,23,26,27,29,30,43,6,第1011回,2015年10月15日
1012,9,11,19,22,27,38,2,第1012回,2015年10月19日
1013,3,20,36,38,39,41,22,第1013回,2015年10月22日
1014,2,3,9,19,40,42,6,第1014回,2015年10月26日
1015,9,14,20,23,27,32,22,第1015回,2015年10月29日
1016,1,14,31,32,39,42,34,第1016回,2015年11月2日
1017,1,4,24,30,39,40,5,第1017回,2015年11月5日
1018,3,22,25,28,32,39,21,第1018回,2015年11月9日
1019,8,14,15,22,25,40,19,第1019回,2015年11月12日
1020,2,25,27,28,35,42,6,第1020回,2015年11月16日
1021,3,30,32,33,34,39,28,第1021回,2015年11月19日
1022,3,15,19,30,34,37,12,第1022回,2015年11月23日
1023,9,17,24,25,33,40,43,第1023回,2015年11月26日
1024,2,4,5,20,37,43,32,第1024回,2015年11月30日
1025,10,17,20,21,36,43,34,第1025回,2015年12月3日
1026,1,8,11,17,22,26,31,第1026回,2015年12月7日
1027,13,16,17,19,20,38,18,第1027回,2015年12月10日
1028,7,10,18,21,28,36,40,第1028回,2015年12月14日
1029,5,13,22,31,37,39,4,第1029回,2015年12月17日
1030,4,9,17,20,23,42,19,第1030回,2015年12月21日
1031,2,4,7,22,32,35,1,第1031回,2015年12月24日
1032,11,20,21,30,36,43,17,第1032回,2015年12月28日
1033,1,15,21,24,37,41,7,第1033回,2016年1月4日
1034,14,20,24,25,31,32,29,第1034回,2016年1月7日
1035,9,15,17,19,27,33,40,第1035回,2016年1月11日
1036,2,8,17,27,30,31,13,第1036回,2016年1月14日
1037,1,3,12,13,21,32,41,第1037回,2016年1月18日
1038,3,7,24,25,27,39,20,第1038回,2016年1月21日
1039,6,9,20,34,37,41,25,第1039回,2016年1月25日
1040,7,13,15,21,23,34,12,第1040回,2016年1月28日
1041,14,22,27,29,33,37,24,第1041回,2016年2月1日
1042,4,10,11,12,18,25,36,第1042回,2016年2月4日
1043,21,29,30,32,38,42,16,第1043回,2016年2月8日
1044,3,7,16,26,34,39,23,第1044回,2016年2月11日
1045,1,19,21,30,31,43,18,第1045回,2016年2月15日
1046,6,13,17,18,27,43,21,第1046回,2016年2月18日
1047,5,9,13,31,32,35,26,第1047回,2016年2月22日
1048,26,27,30,31,34,40,20,第1048回,2016年2月25日
1049,3,6,15,23,24,31,11,第1049回,2016年2月29日
1050,3,8,14,28,31,43,35,第1050回,2016年3月3日
1051,5,13,20,28,30,32,16,第1051回,2016年3月7日
1052,6,26,34,37,42,43,13,第1052回,2016年3月10日
1053,4,11,23,27,35,42,15,第1053回,2016年3月14日
1054,7,9,10,19,28,33,36,第1054回,2016年3月17日
1055,5,11,20,25,26,32,6,第1055回,2016年3月21日
1056,14,16,19,29,32,37,24,第1056回,2016年3月24日
1057,2,11,19,21,28,38,25,第1057回,2016年3月28日
1058,11,12,17,23,29,43,37,第1058回,2016年3月31日
1059,8,26,27,29,35,43,6,第1059回,2016年4月4日
1060,5,10,16,17,32,37,36,第1060回,2016年4月7日
1061,1,12,14,16,20,29,4,第1061回,2016年4月11日
1062,2,7,28,39,42,43,41,第1062回,2016年4月14日
1063,6,12,13,34,38,42,41,第1063回,2016年4月18日
1064,4,13,18,27,30,39,34,第1064回,2016年4月21日
1065,11,13,27,37,41,42,40,第1065回,2016年4月25日
1066,2,11,29,36,40,42,17,第1066回,2016年4月28日
1067,5,9,25,27,28,33,10,第1067回,2016年5月2日
1068,3,9,21,34,35,42,4,第1068回,2016年5月5日
1069,12,17,26,30,33,40,8,第1069回,2016年5月9日
1070,11,21,25,34,35,36,15,第1070回,2016年5月12日
1071,1,10,25,27,31,40,3,第1071回,2016年5月16日
1072,3,17,20,32,36,43,4,第1072回,2016年5月19日
1073,1,3,5,8,20,39,30,第1073回,2016年5月23日
1074,8,9,16,27,30,33,19,第1074回,2016年5月26日
1075,7,8,21,24,34,42,1,第1075回,2016年5月30日
1076,21,22,24,30,31,43,19,第1076回,2016年6月2日
1077,1,4,9,23,30,36,5,第1077回,2016年6月6日
1078,3,12,20,33,35,41,34,第1078回,2016年6月9日
1079,8,12,19,24,30,36,42,第1079回,2016年6月13日
1080,6,15,16,19,38,41,23,第1080回,2016年6月16日
1081,6,8,13,17,18,20,28,第1081回,2016年6月20日
1082,9,12,19,21,39,40,16,第1082回,2016年6月23日
1083,10,13,15,18,25,38,20,第1083回,2016年6月27日
1084,1,7,20,28,34,38,16,第1084回,2016年6月30日
1085,3,20,21,30,34,35,23,第1085回,2016年7月4日
1086,3,7,9,31,38,43,29,第1086回,2016年7月7日
1087,10,13,26,27,30,36,6,第1087回,2016年7月11日
1088,5,8,16,24,32,33,22,第1088回,2016年7月14日
1089,5,17,19,22,41,42,4,第1089回,2016年7月18日
1090,3,10,15,22,27,40,23,第1090回,2016年7月21日
1091,21,22,24,26,28,30,38,第1091回,2016年7月25日
1092,2,11,18,27,30,33,14,第1092回,2016年7月28日
1093,4,19,26,40,42,43,9,第1093回,2016年8月1日
1094,6,7,20,24,28,43,11,第1094回,2016年8月4日
1095,3,6,15,18,23,27,38,第1095回,2016年8月8日
1096,6,19,21,31,38,41,40,第1096回,2016年8月11日
1097,1,5,8,14,19,21,4,第1097回,2016年8月15日
1098,1,19,31,33,35,43,29,第1098回,2016年8月18日
1099,6,8,12,17,18,24,35,第1099回,2016年8月22日
1100,2,6,16,23,32,35,37,第1100回,2016年8月25日
1101,4,5,7,10,13,16,1,第1101回,2016年8月29日
1102,3,6,9,13,36,37,32,第1102回,2016年9月1日
1103,8,13,14,18,24,38,25,第1103回,2016年9月5日
1104,15,25,32,33,36,38,40,第1104回,2016年9月8日
1105,12,15,25,31,39,40,26,第1105回,2016年9月12日
1106,1,4,8,10,18,33,15,第1106回,2016年9月15日
1107,6,7,12,22,30,33,36,第1107回,2016年9月19日
1108,12,25,29,32,38,43,35,第1108回,2016年9月22日
1109,6,8,14,27,36,42,28,第1109回,2016年9月26日
1110,1,6,21,34,36,39,29,第1110回,2016年9月29日
1111,6,16,17,27,33,41,42,第1111回,2016年10月3日
1112,6,9,15,19,39,42,34,第1112回,2016年10月6日
1113,1,12,14,26,34,41,6,第1113回,2016年10月10日
1114,2,7,9,28,38,39,26,第1114回,2016年10月13日
1115,3,10,12,26,38,42,4,第1115回,2016年10月17日
1116,1,11,33,34,35,38,29,第1116回,2016年10月20日
1117,2,6,7,9,19,23,21,第1117回,2016年10月24日
1118,1,11,21,25,34,36,28,第1118回,2016年10月27日
1119,3,6,15,21,42,43,11,第1119回,2016年10月31日
1120,10,12,13,29,35,39,33,第1120回,2016年11月3日
1121,2,8,31,38,40,42,41,第1121回,2016年11月7日
1122,22,24,29,31,32,34,40,第1122回,2016年11月10日
1123,4,8,23,29,34,35,15,第1123回,2016年11月14日
1124,1,16,24,28,40,42,33,第1124回,2016年11月17日
1125,2,16,19,20,24,36,27,第1125回,2016年11月21日
1126,4,5,26,30,34,42,27,第1126回,2016年11月24日
1127,9,15,17,21,23,42,24,第1127回,2016年11月28日
1128,3,15,21,29,30,35,39,第1128回,2016年12月1日
1129,6,11,19,28,30,43,32,第1129回,2016年12月5日
1130,1,11,37,38,39,42,26,第1130回,2016年12月8日
1131,6,12,25,36,38,41,18,第1131回,2016年12月12日
1132,4,5,24,29,33,35,40,第1132回,2016年12月15日
1133,3,18,19,20,37,38,9,第1133回,2016年12月19日
1134,5,6,12,14,30,38,29,第1134回,2016年12月22日
1135,20,22,28,29,32,41,14,第1135回,2016年12月26日
1136,3,4,7,8,22,33,18,第1136回,2016年12月29日
1137,1,18,21,31,37,41,20,第1137回,2017年1月5日
1138,8,15,21,24,35,38,22,第1138回,2017年1月9日
1139,4,6,14,17,23,33,26,第1139回,2017年1月12日
1140,11,21,30,31,36,37,23,第1140回,2017年1月16日
1141,1,4,10,14,24,26,29,第1141回,2017年1月19日
1142,12,13,19,23,28,35,31,第1142回,2017年1月23日
1143,19,21,31,39,42,43,29,第1143回,2017年1月26日
1144,7,13,14,33,39,43,29,第1144回,2017年1月30日
1145,1,4,15,18,25,28,36,第1145回,2017年2月2日
1146,1,10,19,23,26,34,27,第1146回,2017年2月6日
1147,2,3,10,16,26,27,23,第1147回,2017年2月9日
1148,3,5,16,23,31,43,39,第1148回,2017年2月13日
1149,2,14,22,23,35,43,31,第1149回,2017年2月16日
1150,7,11,17,27,32,40,18,第1150回,2017年2月20日
1151,5,23,25,26,29,31,19,第1151回,2017年2月23日
1152,6,8,10,33,35,43,22,第1152回,2017年2月27日
1153,4,15,20,24,26,30,29,第1153回,2017年3月2日
1154,8,12,30,36,41,42,4,第1154回,2017年3月6日
1155,14,19,22,23,28,43,25,第1155回,2017年3月9日
1156,3,6,19,31,35,40,12,第1156回,2017年3月13日
1157,5,17,20,28,39,42,1,第1157回,2017年3月16日
1158,22,24,27,30,32,40,23,第1158回,2017年3月20日
1159,1,4,15,16,23,30,17,第1159回,2017年3月23日
1160,9,22,31,32,34,43,24,第1160回,2017年3月27日
1161,1,2,12,16,19,40,18,第1161回,2017年3月30日
1162,3,4,8,12,24,37,10,第1162回,2017年4月3日
1163,11,17,19,24,33,41,9,第1163回,2017年4月6日
1164,4,7,11,33,34,37,24,第1164回,2017年4月10日
1165,18,20,21,24,40,42,25,第1165回,2017年4月13日
1166,4,8,17,20,29,41,3,第1166回,2017年4月17日
1167,6,13,20,25,36,42,28,第1167回,2017年4月20日
1168,1,3,8,14,35,39,18,第1168回,2017年4月24日
1169,19,24,25,36,37,43,10,第1169回,2017年4月27日
1170,1,8,13,19,23,28,39,第1170回,2017年5月1日
1171,9,10,13,21,34,36,40,第1171回,2017年5月4日
1172,3,10,31,32,38,39,15,第1172回,2017年5月8日
1173,5,7,11,16,33,38,25,第1173回,2017年5月11日
1174,7,8,9,25,29,31,28,第1174回,2017年5月15日
1175,2,4,6,21,27,37,10,第1175回,2017年5月18日
1176,2,9,18,23,29,32,34,第1176回,2017年5月22日
1177,2,5,21,22,23,38,36,第1177回,2017年5月25日
1178,16,17,20,22,29,40,31,第1178回,2017年5月29日
1179,5,12,27,36,39,40,37,第1179回,2017年6月1日
1180,2,4,5,13,18,21,40,第1180回,2017年6月5日
1181,15,16,17,29,31,32,12,第1181回,2017年6月8日
1182,5,6,10,13,24,33,40,第1182回,2017年6月12日
1183,2,19,22,25,32,36,39,第1183回,2017年6月15日
1184,2,6,21,30,31,36,41,第1184回,2017年6月19日
1185,6,15,18,26,27,31,38,第1185回,2017年6月22日
1186,8,10,20,25,38,43,39,第1186回,2017年6月26日
1187,3,13,18,20,24,31,37,第1187回,2017年6月29日
1188,3,9,19,20,23,30,14,第1188回,2017年7月3日
1189,8,24,28,30,38,41,32,第1189回,2017年7月6日
1190,1,3,13,29,38,39,8,第1190回,2017年7月10日
1191,3,5,11,20,25,32,30,第1191回,2017年7月13日
1192,15,17,18,22,30,39,28,第1192回,2017年7月17日
1193,1,2,7,8,10,42,28,第1193回,2017年7月20日
1194,12,18,20,23,33,40,1,第1194回,2017年7月24日
1195,1,4,17,22,35,42,7,第1195回,2017年7月27日
1196,6,7,19,31,39,41,14,第1196回,2017年7月31日
1197,3,24,28,36,37,39,27,第1197回,2017年8月3日
1198,1,14,20,26,27,34,33,第1198回,2017年8月7日
1199,9,10,11,20,28,40,17,第1199回,2017年8月10日
1200,2,8,10,12,31,42,21,第1200回,2017年8月14日
1201,1,15,19,22,26,28,33,第1201回,2017年8月17日
1202,9,12,15,19,26,39,28,第1202回,2017年8月21日
1203,2,4,6,37,39,42,41,第1203回,2017年8月24日
1204,10,20,21,24,39,43,17,第1204回,2017年8月28日
1205,12,25,26,32,35,42,2,第1205回,2017年8月31日
1206,11,19,20,26,32,33,22,第1206回,2017年9月4日
1207,6,16,17,20,22,43,34,第1207回,2017年9月7日
1208,5,14,20,30,38,41,8,第1208回,2017年9月11日
1209,11,12,24,32,38,40,7,第1209回,2017年9月14日
1210,5,6,12,16,23,36,9,第1210回,2017年9月18日
1211,3,8,24,25,26,28,43,第1211回,2017年9月21日
1212,2,16,27,35,40,42,25,第1212回,2017年9月25日
1213,3,13,22,26,30,39,1,第1213回,2017年9月28日
1214,2,19,23,30,33,36,40,第1214回,2017年10月2日
1215,3,6,9,15,21,42,7,第1215回,2017年10月5日
1216,8,14,25,39,42,43,37,第1216回,2017年10月9日
1217,14,16,17,34,36,41,25,第1217回,2017年10月12日
1218,5,8,13,20,28,42,35,第1218回,2017年10月16日
1219,14,22,24,36,39,42,32,第1219回,2017年10月19日
1220,9,15,21,23,32,42,14,第1220回,2017年10月23日
1221,3,10,11,31,33,36,21,第1221回,2017年10月26日
1222,1,5,7,11,29,39,40,第1222回,2017年10月30日
1223,12,22,28,30,36,43,34,第1223回,2017年11月2日
1224,5,18,33,38,41,43,6,第1224回,2017年11月6日
1225,19,22,25,30,33,34,36,第1225回,2017年11月9日
1226,7,8,28,34,37,41,13,第1226回,2017年11月13日
1227,1,8,14,28,40,43,6,第1227回,2017年11月16日
1228,6,18,19,25,28,40,3,第1228回,2017年11月20日
1229,10,28,35,37,39,43,16,第1229回,2017年11月23日
1230,1,2,6,9,17,38,34,第1230回,2017年11月27日
1231,1,14,16,24,32,36,2,第1231回,2017年11月30日
1232,5,10,14,31,35,38,16,第1232回,2017年12月4日
1233,2,7,12,21,29,33,16,第1233回,2017年12月7日
1234,7,11,16,20,30,40,28,第1234回,2017年12月11日
1235,8,17,24,34,36,42,33,第1235回,2017年12月14日
1236,1,3,11,26,38,39,34,第1236回,2017年12月18日
1237,1,4,6,35,38,40,27,第1237回,2017年12月21日
1238,8,14,28,29,33,40,32,第1238回,2017年12月25日
1239,2,19,27,28,30,38,22,第1239回,2017年12月28日
1240,15,18,22,36,37,39,26,第1240回,2018年1月4日
1241,4,7,15,17,23,25,8,第1241回,2018年1月8日
1242,12,22,28,34,37,42,33,第1242回,2018年1月11日
1243,23,24,32,37,41,42,29,第1243回,2018年1月15日
1244,10,15,17,18,20,41,35,第1244回,2018年1月18日
1245,13,15,27,30,31,39,8,第1245回,2018年1月22日
1246,4,10,11,23,36,37,34,第1246回,2018年1月25日
1247,4,7,17,18,26,36,35,第1247回,2018年1月29日
1248,2,6,14,28,34,37,3,第1248回,2018年2月1日
1249,5,8,15,20,25,27,6,第1249回,2018年2月5日
1250,3,10,18,22,23,40,27,第1250回,2018年2月8日
1251,21,28,31,33,34,40,23,第1251回,2018年2月12日
1252,4,15,18,19,22,29,37,第1252回,2018年2月15日
1253,1,12,14,24,33,37,15,第1253回,2018年2月19日
1254,7,8,11,15,36,39,37,第1254回,2018年2月22日
1255,2,14,15,27,40,43,41,第1255回,2018年2月26日
1256,2,5,16,32,35,41,25,第1256回,2018年3月1日
1257,1,11,19,23,32,37,14,第1257回,2018年3月5日
1258,8,14,20,25,31,41,35,第1258回,2018年3月8日
1259,10,16,20,26,33,36,41,第1259回,2018年3月12日
1260,3,8,16,19,25,26,32,第1260回,2018年3月15日
1261,9,20,26,29,30,34,42,第1261回,2018年3月19日
1262,4,11,15,20,24,43,10,第1262回,2018年3月22日
1263,3,8,13,14,31,37,6,第1263回,2018年3月26日
1264,1,6,27,33,35,43,15,第1264回,2018年3月29日
1265,5,20,26,27,28,33,12,第1265回,2018年4月2日
1266,3,12,16,23,25,28,17,第1266回,2018年4月5日
1267,4,18,31,33,34,41,9,第1267回,2018年4月9日
1268,8,11,15,22,35,36,30,第1268回,2018年4月12日
1269,9,10,11,33,39,42,25,第1269回,2018年4月16日
1270,9,10,24,30,35,40,38,第1270回,2018年4月19日
1271,1,11,14,27,39,42,32,第1271回,2018年4月23日
1272,4,9,13,32,37,38,42,第1272回,2018年4月26日
1273,18,20,22,26,34,37,4,第1273回,2018年4月30日
1274,3,15,18,23,31,37,34,第1274回,2018年5月3日
1275,7,19,21,28,40,41,3,第1275回,2018年5月7日
1276,5,6,9,11,16,35,22,第1276回,2018年5月10日
1277,12,16,20,22,31,43,33,第1277回,2018年5月14日
1278,3,4,18,28,34,36,6,第1278回,2018年5月17日
1279,4,10,16,17,20,24,31,第1279回,2018年5月21日
1280,1,9,11,21,29,36,7,第1280回,2018年5月24日
1281,3,7,9,15,29,40,17,第1281回,2018年5月28日
1282,1,4,10,11,24,28,29,第1282回,2018年5月31日
1283,1,26,27,30,37,38,4,第1283回,2018年6月4日
1284,4,14,17,21,24,39,7,第1284回,2018年6月7日
1285,7,8,13,36,38,42,6,第1285回,2018年6月11日
1286,11,32,37,39,41,42,43,第1286回,2018年6月14日
1287,9,21,23,34,37,38,40,第1287回,2018年6月18日
1288,8,9,19,24,35,43,11,第1288回,2018年6月21日
1289,6,9,16,24,29,37,3,第1289回,2018年6月25日
1290,18,24,27,32,35,41,10,第1290回,2018年6月28日
1291,2,6,8,12,13,17,1,第1291回,2018年7月2日
1292,1,18,29,30,31,37,35,第1292回,2018年7月5日
1293,2,5,15,27,30,35,11,第1293回,2018年7月9日
1294,7,14,18,26,28,39,2,第1294回,2018年7月12日
1295,14,23,31,37,39,43,32,第1295回,2018年7月16日
1296,5,11,15,16,23,32,4,第1296回,2018年7月19日
1297,1,2,7,29,34,42,41,第1297回,2018年7月23日
1298,4,6,15,22,30,42,7,第1298回,2018年7月26日
1299,3,12,24,28,38,39,10,第1299回,2018年7月30日
1300,3,18,25,26,32,33,27,第1300回,2018年8月2日
1301,6,7,9,16,30,41,22,第1301回,2018年8月6日
1302,4,7,25,30,34,43,38,第1302回,2018年8月9日
1303,7,10,24,33,35,42,43,第1303回,2018年8月13日
1304,6,25,30,38,40,42,17,第1304回,2018年8月16日
1305,4,6,19,36,38,40,28,第1305回,2018年8月20日
1306,7,11,23,36,38,41,37,第1306回,2018年8月23日
1307,6,25,27,28,30,43,14,第1307回,2018年8月27日
1308,6,9,10,15,34,39,3,第1308回,2018年8月30日
1309,24,32,34,36,41,43,23,第1309回,2018年9月3日
1310,9,24,25,27,34,36,14,第1310回,2018年9月6日
1311,12,23,26,29,36,37,15,第1311回,2018年9月10日
1312,13,24,25,26,32,39,6,第1312回,2018年9月13日
1313,5,12,21,31,36,43,27,第1313回,2018年9月17日
1314,3,10,20,21,27,33,39,第1314回,2018年9月20日
1315,3,8,23,30,32,40,31,第1315回,2018年9月24日
1316,6,16,26,35,36,39,14,第1316回,2018年9月27日
1317,6,10,13,19,32,43,22,第1317回,2018年10月1日
1318,2,3,7,14,19,41,34,第1318回,2018年10月4日
1319,9,10,19,21,28,30,43,第1319回,2018年10月8日
1320,4,6,12,16,17,34,28,第1320回,2018年10月11日
1321,10,24,31,40,41,43,33,第1321回,2018年10月15日
1322,2,3,13,28,32,37,7,第1322回,2018年10月18日
1323,5,6,10,24,29,40,26,第1323回,2018年10月22日
1324,1,7,8,17,25,42,11,第1324回,2018年10月25日
1325,8,18,23,26,33,38,34,第1325回,2018年10月29日
1326,2,3,9,12,30,41,21,第1326回,2018年11月1日
1327,2,3,13,22,23,30,27,第1327回,2018年11月5日
1328,7,9,23,32,37,40,41,第1328回,2018年11月8日
1329,11,15,18,22,37,42,31,第1329回,2018年11月12日
1330,2,19,24,32,36,43,30,第1330回,2018年11月15日
1331,2,14,30,31,38,39,26,第1331回,2018年11月19日
1332,5,15,18,22,33,40,6,第1332回,2018年11月22日
1333,2,9,15,22,26,35,5,第1333回,2018年11月26日
1334,1,2,7,14,29,43,40,第1334回,2018年11月29日
1335,10,16,19,34,35,39,4,第1335回,2018年12月3日
1336,4,5,11,19,31,34,43,第1336回,2018年12月6日
1337,3,6,21,28,29,34,15,第1337回,2018年12月10日
1338,2,6,23,25,30,31,35,第1338回,2018年12月13日
1339,1,10,15,33,34,42,39,第1339回,2018年12月17日
1340,6,15,18,20,26,29,9,第1340回,2018年12月20日
1341,9,12,15,16,26,39,34,第1341回,2018年12月24日
1342,1,4,9,16,23,31,42,第1342回,2018年12月27日
1343,2,8,10,12,19,23,16,第1343回,2019年1月7日
1344,8,16,20,28,37,43,29,第1344回,2019年1月10日
1345,1,15,26,27,29,33,18,第1345回,2019年1月14日
1346,5,10,22,27,38,42,36,第1346回,2019年1月17日
1347,8,10,11,18,36,43,7,第1347回,2019年1月21日
1348,1,2,14,19,21,33,43,第1348回,2019年1月24日
1349,2,16,19,32,34,42,33,第1349回,2019年1月28日
1350,7,8,9,10,20,38,16,第1350回,2019年1月31日
1351,8,14,18,22,28,29,5,第1351回,2019年2月4日
1352,5,6,9,15,19,36,22,第1352回,2019年2月7日
1353,2,11,12,19,21,24,36,第1353回,2019年2月11日
1354,4,25,27,28,32,41,26,第1354回,2019年2月14日
1355,5,15,27,29,34,37,12,第1355回,2019年2月18日
1356,4,6,10,16,24,43,12,第1356回,2019年2月21日
1357,2,3,8,15,19,28,21,第1357回,2019年2月25日
1358,9,15,23,27,29,40,28,第1358回,2019年2月28日
1359,6,8,14,18,25,41,9,第1359回,2019年3月4日
1360,4,9,10,16,17,42,23,第1360回,2019年3月7日
1361,3,4,12,18,28,38,32,第1361回,2019年3月11日
1362,8,16,19,28,36,39,1,第1362回,2019年3月14日
1363,2,5,23,36,37,41,43,第1363回,2019年3月18日
1364,5,13,14,16,25,27,3,第1364回,2019年3月21日
1365,4,7,14,20,31,41,32,第1365回,2019年3月25日
1366,14,15,17,29,31,39,10,第1366回,2019年3月28日
1367,3,8,11,14,22,41,34,第1367回,2019年4月1日
1368,6,11,17,20,34,35,10,第1368回,2019年4月4日
1369,12,15,25,32,41,43,7,第1369回,2019年4月8日
1370,8,22,24,30,40,41,2,第1370回,2019年4月11日
1371,4,5,6,7,24,28,30,第1371回,2019年4月15日
1372,3,5,10,21,33,39,8,第1372回,2019年4月18日
1373,1,10,13,18,20,41,11,第1373回,2019年4月22日
1374,1,4,5,19,23,35,36,第1374回,2019年4月25日
1375,2,5,21,22,31,38,28,第1375回,2019年4月29日
1376,2,5,22,31,32,43,27,第1376回,2019年5月2日
1377,1,7,13,24,40,43,20,第1377回,2019年5月6日
1378,1,10,15,24,35,43,9,第1378回,2019年5月9日
1379,1,2,19,21,24,37,32,第1379回,2019年5月13日
1380,1,3,24,26,29,33,42,第1380回,2019年5月16日
1381,2,4,5,16,19,38,25,第1381回,2019年5月20日
1382,8,9,12,25,26,28,32,第1382回,2019年5月23日
1383,2,4,9,15,18,39,24,第1383回,2019年5月27日
1384,3,6,13,32,38,43,40,第1384回,2019年5月30日
1385,9,20,28,35,41,43,23,第1385回,2019年6月3日
1386,4,11,14,15,20,38,35,第1386回,2019年6月6日
1387,11,27,29,30,37,38,33,第1387回,2019年6月10日
1388,9,10,12,15,29,37,11,第1388回,2019年6月13日
1389,6,16,21,23,26,42,43,第1389回,2019年6月17日
1390,10,11,13,28,34,39,35,第1390回,2019年6月20日
1391,3,12,23,31,36,42,43,第1391回,2019年6月24日
1392,6,9,12,19,40,42,7,第1392回,2019年6月27日
1393,7,11,26,32,42,43,24,第1393回,2019年7月1日
1394,8,9,35,36,42,43,22,第1394回,2019年7月4日
1395,5,16,18,27,30,43,25,第1395回,2019年7月8日
1396,3,7,11,15,23,41,21,第1396回,2019年7月11日
1397,9,18,19,21,25,26,7,第1397回,2019年7月15日
1398,23,29,34,35,40,43,42,第1398回,2019年7月18日
1399,7,20,21,33,41,43,8,第1399回,2019年7月22日
1400,8,10,26,31,34,39,36,第1400回,2019年7月25日
1401,2,13,23,24,25,33,36,第1401回,2019年7月29日
1402,10,24,26,33,36,42,28,第1402回,2019年8月1日
1403,1,3,10,27,34,41,22,第1403回,2019年8月5日
1404,2,17,29,37,38,39,5,第1404回,2019年8月8日
1405,3,4,6,19,23,24,42,第1405回,2019年8月12日
1406,20,24,27,29,34,35,43,第1406回,2019年8月15日
1407,10,13,19,28,33,39,15,第1407回,2019年8月19日
1408,2,17,24,26,34,43,32,第1408回,2019年8月22日
1409,5,6,8,20,22,25,13,第1409回,2019年8月26日
1410,8,14,17,25,36,41,23,第1410回,2019年8月29日
1411,2,5,7,20,25,28,3,第1411回,2019年9月2日
1412,2,19,24,25,32,42,8,第1412回,2019年9月5日
1413,7,13,17,21,24,26,12,第1413回,2019年9月9日
1414,12,19,21,26,40,41,20,第1414回,2019年9月12日
1415,1,3,7,34,39,40,33,第1415回,2019年9月16日
1416,2,9,10,15,24,36,13,第1416回,2019年9月19日
1417,3,10,25,26,27,31,5,第1417回,2019年9月23日
1418,4,21,32,35,42,43,15,第1418回,2019年9月26日
1419,5,10,11,12,21,37,41,第1419回,2019年9月30日
1420,1,2,14,16,22,28,4,第1420回,2019年10月3日
1421,2,14,20,23,37,43,30,第1421回,2019年10月7日
1422,12,14,17,20,24,30,39,第1422回,2019年10月10日
1423,11,24,29,36,37,42,13,第1423回,2019年10月14日
1424,6,7,25,26,33,36,19,第1424回,2019年10月17日
1425,1,24,28,33,35,42,27,第1425回,2019年10月21日
1426,4,13,17,19,30,43,24,第1426回,2019年10月24日
1427,1,7,25,26,38,41,31,第1427回,2019年10月28日
1428,16,18,19,34,35,36,6,第1428回,2019年10月31日
1429,4,8,13,18,21,23,22,第1429回,2019年11月4日
1430,4,7,9,12,20,28,3,第1430回,2019年11月7日
1431,2,27,28,33,38,40,30,第1431回,2019年11月11日
1432,4,5,15,32,33,43,13,第1432回,2019年11月14日
1433,3,5,12,16,38,42,6,第1433回,2019年11月18日
1434,2,20,30,38,39,40,4,第1434回,2019年11月21日
1435,2,4,16,21,22,40,9,第1435回,2019年11月25日
1436,3,7,17,18,30,36,33,第1436回,2019年11月28日
1437,3,11,24,25,37,40,14,第1437回,2019年12月2日
1438,2,5,6,20,33,38,22,第1438回,2019年12月5日
1439,11,17,23,28,34,41,4,第1439回,2019年12月9日
1440,1,7,20,31,41,42,28,第1440回,2019年12月12日
1441,12,22,24,33,35,42,36,第1441回,2019年12月16日
1442,12,21,35,36,40,43,39,第1442回,2019年12月19日
1443,2,4,8,10,22,33,28,第1443回,2019年12月23日
1444,11,20,24,25,30,37,14,第1444回,2019年12月26日
1445,3,14,24,29,30,42,21,第1445回,2019年12月30日
1446,2,5,11,20,21,32,13,第1446回,2020年1月9日
1447,2,9,12,13,14,22,10,第1447回,2020年1月13日
1448,10,12,25,29,32,41,40,第1448回,2020年1月16日
1449,6,19,20,26,34,38,4,第1449回,2020年1月20日
1450,24,25,26,27,34,36,3,第1450回,2020年1月23日
1451,2,6,10,20,24,43,34,第1451回,2020年1月27日
1452,17,19,29,31,37,39,35,第1452回,2020年1月30日
1453,10,22,26,27,28,41,39,第1453回,2020年2月3日
1454,3,15,19,34,37,40,41,第1454回,2020年2月6日
1455,1,10,12,22,34,43,23,第1455回,2020年2月10日
1456,2,18,19,24,29,31,33,第1456回,2020年2月13日
1457,1,3,11,17,20,37,29,第1457回,2020年2月17日
1458,4,16,19,22,26,29,6,第1458回,2020年2月20日
1459,2,17,19,24,28,29,7,第1459回,2020年2月24日
1460,3,6,10,15,29,30,4,第1460回,2020年2月27日
1461,5,7,8,18,22,26,24,第1461回,2020年3月2日
1462,4,18,19,28,33,36,9,第1462回,2020年3月5日
1463,18,29,32,34,35,39,36,第1463回,2020年3月9日
1464,8,13,14,18,29,31,23,第1464回,2020年3月12日
1465,11,15,16,24,28,38,3,第1465回,2020年3月16日
1466,6,10,15,18,32,40,35,第1466回,2020年3月19日
1467,3,14,16,25,26,38,7,第1467回,2020年3月23日
1468,4,8,15,24,25,31,26,第1468回,2020年3月26日
1469,4,9,10,13,24,27,22,第1469回,2020年3月30日
1470,4,8,14,16,39,40,23,第1470回,2020年4月2日
1471,1,3,8,32,37,43,24,第1471回,2020年4月6日
1472,1,6,7,9,23,40,43,第1472回,2020年4月9日
1473,1,5,6,27,33,38,11,第1473回,2020年4月13日
1474,4,6,8,22,27,32,26,第1474回,2020年4月16日
1475,6,7,9,20,21,27,2,第1475回,2020年4月20日
1476,6,22,38,40,41,42,35,第1476回,2020年4月23日
1477,4,13,14,25,27,32,1,第1477回,2020年4月27日
1478,7,12,15,21,40,42,32,第1478回,2020年4月30日
1479,1,20,30,32,35,37,33,第1479回,2020年5月4日
1480,2,4,5,6,24,34,39,第1480回,2020年5月7日
1481,3,9,21,31,41,42,18,第1481回,2020年5月11日
1482,8,26,28,32,41,43,14,第1482回,2020年5月14日
1483,3,10,20,23,29,43,22,第1483回,2020年5月18日
1484,4,12,17,18,23,41,28,第1484回,2020年5月21日
1485,9,10,18,27,28,35,37,第1485回,2020年5月25日
1486,18,24,29,33,39,42,34,第1486回,2020年5月28日
1487,5,7,9,17,24,35,36,第1487回,2020年6月1日
1488,4,10,11,17,34,37,38,第1488回,2020年6月4日
1489,4,6,11,13,23,32,1,第1489回,2020年6月8日
1490,7,19,24,29,39,43,11,第1490回,2020年6月11日
1491,8,11,23,31,34,37,1,第1491回,2020年6月15日
1492,4,16,18,32,38,42,36,第1492回,2020年6月18日
1493,11,18,24,27,37,38,15,第1493回,2020年6月22日
1494,8,15,17,24,26,38,27,第1494回,2020年6月25日
1495,18,24,32,34,37,41,22,第1495回,2020年6月29日
1496,5,9,13,16,17,34,37,第1496回,2020年7月2日
1497,6,22,28,30,35,37,8,第1497回,2020年7月6日
1498,1,6,7,9,31,37,43,第1498回,2020年7月9日
1499,10,11,27,28,29,37,13,第1499回,2020年7月13日
1500,19,21,22,28,29,30,4,第1500回,2020年7月16日
1501,6,10,13,25,31,38,15,第1501回,2020年7月20日
1502,1,17,25,28,32,42,26,第1502回,2020年7月23日
1503,1,8,16,35,40,42,20,第1503回,2020年7月27日
1504,5,7,9,21,42,43,35,第1504回,2020年7月30日
1505,1,2,14,15,21,34,19,第1505回,2020年8月3日
1506,10,12,19,28,35,41,39,第1506回,2020年8月6日
1507,19,20,22,30,35,43,29,第1507回,2020年8月10日
1508,9,13,28,29,32,40,41,第1508回,2020年8月13日
1509,6,11,12,34,36,41,43,第1509回,2020年8月17日
1510,8,13,17,18,21,38,23,第1510回,2020年8月20日
1511,11,16,22,24,38,40,6,第1511回,2020年8月24日
1512,1,11,12,24,32,38,39,第1512回,2020年8月27日
1513,13,14,18,19,25,42,5,第1513回,2020年8月31日
1514,11,16,22,29,37,43,14,第1514回,2020年9月3日
1515,5,9,17,21,27,29,30,第1515回,2020年9月7日
1516,25,32,34,37,41,42,28,第1516回,2020年9月10日
1517,14,25,27,30,39,41,8,第1517回,2020年9月14日
1518,6,15,16,22,36,41,20,第1518回,2020年9月17日
1519,5,8,20,21,27,43,9,第1519回,2020年9月21日
1520,1,6,11,13,30,33,4,第1520回,2020年9月24日
1521,17,21,22,40,41,42,13,第1521回,2020年9月28日
1522,5,17,21,22,32,35,41,第1522回,2020年10月1日
1523,2,15,17,25,34,38,27,第1523回,2020年10月5日
1524,2,3,15,24,30,43,39,第1524回,2020年10月8日
1525,3,7,20,21,28,32,24,第1525回,2020年10月12日
1526,4,17,19,21,39,41,36,第1526回,2020年10月15日
1527,2,5,9,11,27,32,33,第1527回,2020年10月19日
1528,1,14,17,34,35,37,16,第1528回,2020年10月22日
1529,3,19,26,28,33,40,1,第1529回,2020年10月26日
1530,2,5,10,34,37,40,7,第1530回,2020年10月29日
1531,2,6,7,10,30,33,14,第1531回,2020年11月2日
1532,2,9,14,16,17,21,34,第1532回,2020年11月5日
1533,15,22,27,37,38,41,5,第1533回,2020年11月9日
1534,1,9,18,22,24,43,39,第1534回,2020年11月12日
1535,1,9,14,30,35,38,32,第1535回,2020年11月16日
1536,2,5,9,30,37,40,28,第1536回,2020年11月19日
1537,6,13,14,32,33,37,20,第1537回,2020年11月23日
1538,8,14,19,33,35,40,38,第1538回,2020年11月26日
1539,13,29,33,37,41,42,43,第1539回,2020年11月30日
1540,1,20,25,28,33,37,31,第1540回,2020年12月3日
1541,12,26,28,32,33,35,41,第1541回,2020年12月7日
1542,11,12,16,17,20,36,18,第1542回,2020年12月10日
1543,17,21,26,33,36,38,34,第1543回,2020年12月14日
1544,3,11,25,26,39,42,34,第1544回,2020年12月17日
1545,8,14,15,26,37,43,12,第1545回,2020年12月21日
1546,1,18,19,24,31,40,16,第1546回,2020年12月24日
1547,4,11,14,17,22,39,21,第1547回,2020年12月28日
1548,18,24,26,35,39,42,32,第1548回,2021年1月4日
1549,4,5,27,28,35,41,33,第1549回,2021年1月7日
1550,8,11,22,32,37,42,41,第1550回,2021年1月11日
1551,3,14,18,24,38,43,23,第1551回,2021年1月14日
1552,5,9,15,30,32,39,11,第1552回,2021年1月18日
1553,7,8,16,32,41,42,31,第1553回,2021年1月21日
1554,6,14,16,27,40,42,26,第1554回,2021年1月25日
1555,2,8,17,23,24,27,5,第1555回,2021年1月28日
1556,10,19,28,30,38,42,18,第1556回,2021年2月1日
1557,5,21,22,23,26,39,31,第1557回,2021年2月4日
1558,1,12,25,27,39,42,16,第1558回,2021年2月8日
1559,4,15,17,20,26,31,43,第1559回,2021年2月11日
1560,7,19,24,32,40,42,22,第1560回,2021年2月15日
1561,12,15,26,34,35,38,7,第1561回,2021年2月18日
1562,2,4,15,16,26,33,25,第1562回,2021年2月22日
1563,1,12,20,26,35,37,2,第1563回,2021年2月25日
1564,5,6,18,20,27,37,7,第1564回,2021年3月1日
1565,5,9,17,28,30,37,27,第1565回,2021年3月4日
1566,12,13,20,24,30,35,34,第1566回,2021年3月8日
1567,5,7,19,26,37,40,34,第1567回,2021年3月11日
1568,2,5,7,10,16,34,14,第1568回,2021年3月15日
1569,2,8,29,31,32,33,16,第1569回,2021年3月18日
1570,1,19,22,23,31,36,24,第1570回,2021年3月22日
1571,1,2,5,25,40,41,26,第1571回,2021年3月25日
1572,4,6,10,19,28,38,40,第1572回,2021年3月29日
1573,2,10,16,38,39,43,11,第1573回,2021年4月1日
1574,1,2,3,20,31,32,13,第1574回,2021年4月5日
1575,2,8,15,24,32,39,9,第1575回,2021年4月8日
1576,5,7,10,17,29,32,37,第1576回,2021年4月12日
1577,13,14,15,28,37,39,4,第1577回,2021年4月15日
1578,3,15,17,19,21,34,4,第1578回,2021年4月19日
1579,23,29,32,33,37,42,1,第1579回,2021年4月22日
1580,5,7,11,12,24,31,3,第1580回,2021年4月26日
1581,6,12,30,31,41,43,1,第1581回,2021年4月29日
1582,18,32,35,36,39,41,28,第1582回,2021年5月3日
1583,5,7,16,34,39,41,29,第1583回,2021年5月6日
1584,13,15,18,30,37,43,9,第1584回,2021年5月10日
1585,2,6,10,13,16,32,9,第1585回,2021年5月13日
1586,2,13,19,27,40,42,14,第1586回,2021年5月17日
1587,16,21,22,27,36,43,37,第1587回,2021年5月20日
1588,6,16,27,31,32,34,11,第1588回,2021年5月24日
1589,11,21,25,31,36,39,32,第1589回,2021年5月27日
1590,10,12,15,29,33,42,17,第1590回,2021年5月31日
1591,7,9,18,21,26,43,14,第1591回,2021年6月3日
1592,4,16,25,30,36,43,19,第1592回,2021年6月7日
1593,6,17,18,35,37,38,16,第1593回,2021年6月10日
1594,1,5,6,13,34,36,18,第1594回,2021年6月14日
1595,16,21,30,32,40,43,15,第1595回,2021年6月17日
1596,10,15,30,35,42,43,26,第1596回,2021年6月21日
1597,2,3,8,17,23,32,12,第1597回,2021年6月24日
1598,9,11,26,28,39,43,1,第1598回,2021年6月28日
1599,1,2,20,22,35,38,4,第1599回,2021年7月1日
1600,7,14,22,35,37,39,24,第1600回,2021年7月5日
1601,6,13,17,18,21,41,37,第1601回,2021年7月8日
1602,1,2,7,14,32,42,33,第1602回,2021年7月12日
1603,4,6,32,35,40,42,26,第1603回,2021年7月15日
1604,12,21,23,36,37,38,6,第1604回,2021年7月19日
1605,2,5,8,20,29,40,6,第1605回,2021年7月22日
1606,18,23,25,26,32,34,43,第1606回,2021年7月26日
1607,10,13,14,15,17,22,40,第1607回,2021年7月29日
1608,10,18,22,23,25,35,19,第1608回,2021年8月2日
1609,4,12,16,34,35,41,5,第1609回,2021年8月5日
1610,1,8,13,22,41,42,40,第1610回,2021年8月9日
1611,3,14,16,24,32,36,34,第1611回,2021年8月12日
1612,5,8,12,16,27,38,42,第1612回,2021年8月16日
1613,9,17,22,25,30,41,15,第1613回,2021年8月19日
1614,4,5,20,29,40,43,24,第1614回,2021年8月23日
1615,2,5,6,13,19,29,25,第1615回,2021年8月26日
1616,1,4,6,21,34,41,12,第1616回,2021年8月30日
1617,2,19,21,24,26,41,23,第1617回,2021年9月2日
1618,2,10,14,17,37,43,38,第1618回,2021年9月6日
1619,3,5,17,20,24,38,13,第1619回,2021年9月9日
1620,7,15,19,24,25,28,11,第1620回,2021年9月13日
1621,3,10,22,23,26,39,1,第1621回,2021年9月16日
1622,16,29,34,35,40,41,26,第1622回,2021年9月20日
1623,7,12,15,17,19,29,22,第1623回,2021年9月23日
1624,3,5,17,25,33,39,19,第1624回,2021年9月27日
1625,1,4,8,11,30,42,9,第1625回,2021年9月30日
1626,9,11,19,23,30,43,27,第1626回,2021年10月4日
1627,21,22,23,26,36,38,13,第1627回,2021年10月7日
1628,1,3,10,12,26,42,13,第1628回,2021年10月11日
1629,19,23,30,31,32,40,13,第1629回,2021年10月14日
1630,10,11,24,33,34,36,42,第1630回,2021年10月18日
1631,7,15,23,26,30,35,36,第1631回,2021年10月21日
1632,1,9,24,28,31,41,2,第1632回,2021年10月25日
1633,3,7,9,26,35,36,28,第1633回,2021年10月28日
1634,18,19,20,23,29,35,17,第1634回,2021年11月1日
1635,4,8,19,32,36,43,30,第1635回,2021年11月4日
1636,1,12,24,26,30,36,29,第1636回,2021年11月8日
1637,2,3,11,16,27,36,29,第1637回,2021年11月11日
1638,21,25,26,35,39,40,18,第1638回,2021年11月15日
1639,5,9,13,20,26,32,28,第1639回,2021年11月18日
1640,8,9,19,21,27,30,17,第1640回,2021年11月22日
1641,2,5,7,12,16,20,33,第1641回,2021年11月25日
1642,5,15,16,24,34,39,13,第1642回,2021年11月29日
1643,10,11,12,15,16,40,33,第1643回,2021年12月2日
1644,1,9,14,28,32,40,15,第1644回,2021年12月6日
1645,2,8,13,14,33,40,6,第1645回,2021年12月9日
1646,3,19,21,29,39,43,25,第1646回,2021年12月13日
1647,3,8,14,15,19,35,12,第1647回,2021年12月16日
1648,2,3,22,26,35,42,38,第1648回,2021年12月20日
1649,8,16,19,23,29,41,1,第1649回,2021年12月23日
1650,1,3,15,33,39,43,30,第1650回,2021年12月27日
1651,7,12,15,21,27,32,28,第1651回,2021年12月30日
1652,8,15,16,23,38,43,2,第1652回,2022年1月6日
1653,2,7,10,12,29,36,6,第1653回,2022年1月10日
1654,9,10,14,21,22,33,26,第1654回,2022年1月13日
1655,21,23,31,38,42,43,40,第1655回,2022年1月17日
1656,11,12,14,28,36,38,37,第1656回,2022年1月20日
1657,11,13,16,19,20,38,25,第1657回,2022年1月24日
1658,10,11,19,29,30,36,37,第1658回,2022年1月27日
1659,4,10,23,25,37,42,6,第1659回,2022年1月31日
1660,3,13,29,35,42,43,15,第1660回,2022年2月3日
1661,6,14,31,35,38,43,12,第1661回,2022年2月7日
1662,4,17,18,25,26,27,32,第1662回,2022年2月10日
1663,1,6,19,21,27,39,3,第1663回,2022年2月14日
1664,7,10,17,20,21,27,15,第1664回,2022年2月17日
1665,19,22,24,29,34,41,9,第1665回,2022年2月21日
1666,14,16,26,37,41,43,31,第1666回,2022年2月24日
1667,5,8,18,25,40,43,17,第1667回,2022年2月28日
1668,5,16,21,24,31,34,29,第1668回,2022年3月3日
1669,2,4,13,14,22,29,26,第1669回,2022年3月7日
1670,1,16,20,23,32,37,18,第1670回,2022年3月10日
1671,16,27,37,38,39,43,10,第1671回,2022年3月14日
1672,6,17,22,27,37,42,34,第1672回,2022年3月17日
1673,24,33,35,36,41,43,21,第1673回,2022年3月21日
1674,14,19,25,29,33,43,31,第1674回,2022年3月24日
1675,2,3,17,27,28,34,6,第1675回,2022年3月28日
1676,5,13,21,27,31,36,11,第1676回,2022年3月31日
1677,11,20,26,31,34,38,32,第1677回,2022年4月4日
1678,3,15,17,21,22,23,13,第1678回,2022年4月7日
1679,10,12,13,21,31,41,27,第1679回,2022年4月11日
1680,4,19,29,32,35,42,25,第1680回,2022年4月14日
1681,1,7,11,13,15,42,33,第1681回,2022年4月18日
1682,6,9,10,21,33,41,14,第1682回,2022年4月21日
1683,6,15,28,30,32,43,21,第1683回,2022年4月25日
1684,5,10,26,30,34,40,31,第1684回,2022年4月28日
1685,1,26,27,28,33,37,8,第1685回,2022年5月2日
1686,7,8,9,23,25,41,11,第1686回,2022年5月5日
1687,20,21,23,26,29,35,22,第1687回,2022年5月9日
1688,2,4,10,24,34,42,8,第1688回,2022年5月12日
1689,4,7,21,22,34,42,31,第1689回,2022年5月16日
1690,8,16,21,23,29,37,38,第1690回,2022年5月19日
1691,13,16,18,29,33,41,26,第1691回,2022年5月23日
1692,4,8,17,31,37,42,14,第1692回,2022年5月26日
1693,7,8,21,23,34,36,11,第1693回,2022年5月30日
1694,2,12,14,26,32,37,29,第1694回,2022年6月2日
1695,3,8,14,18,28,37,39,第1695回,2022年6月6日
1696,2,4,13,18,32,35,12,第1696回,2022年6月9日
1697,2,3,11,12,22,35,26,第1697回,2022年6月13日
1698,6,16,18,33,42,43,11,第1698回,2022年6月16日
1699,4,6,16,27,39,42,1,第1699回,2022年6月20日
1700,11,19,20,27,31,35,6,第1700回,2022年6月23日
1701,5,8,27,30,33,39,10,第1701回,2022年6月27日
1702,2,6,7,18,27,38,14,第1702回,2022年6月30日
1703,14,22,23,30,33,38,18,第1703回,2022年7月4日
1704,1,5,18,26,39,40,31,第1704回,2022年7月7日
1705,3,6,9,28,37,41,5,第1705回,2022年7月11日
1706,13,15,32,35,37,38,25,第1706回,2022年7月14日
1707,14,16,28,34,35,36,26,第1707回,2022年7月18日
1708,1,20,29,35,40,41,16,第1708回,2022年7月21日
1709,3,4,7,20,22,41,5,第1709回,2022年7月25日
1710,1,2,21,27,32,37,14,第1710回,2022年7月28日
1711,3,32,33,34,35,40,5,第1711回,2022年8月1日
1712,1,5,15,24,25,28,14,第1712回,2022年8月4日
1713,6,32,38,39,40,42,37,第1713回,2022年8月8日
1714,11,15,20,26,33,42,16,第1714回,2022年8月11日
1715,2,6,15,16,32,37,25,第1715回,2022年8月15日
1716,2,26,27,32,38,42,9,第1716回,2022年8月18日
1717,15,21,23,24,33,36,40,第1717回,2022年8月22日
1718,1,6,9,15,18,38,10,第1718回,2022年8月25日
1719,4,11,15,16,35,39,36,第1719回,2022年8月29日
1720,1,5,18,25,32,38,20,第1720回,2022年9月1日
1721,7,8,14,17,22,39,30,第1721回,2022年9月5日
1722,2,5,30,33,36,42,28,第1722回,2022年9月8日
1723,6,10,15,16,30,38,26,第1723回,2022年9月12日
1724,6,9,24,26,33,37,16,第1724回,2022年9月15日
1725,2,10,16,17,20,28,1,第1725回,2022年9月19日
1726,9,14,16,21,27,43,26,第1726回,2022年9月22日
1727,3,13,16,22,33,42,15,第1727回,2022年9月26日
1728,4,8,14,18,26,38,3,第1728回,2022年9月29日
1729,11,15,24,25,28,31,9,第1729回,2022年10月3日
1730,4,8,16,21,22,26,23,第1730回,2022年10月6日
1731,3,7,19,21,32,35,6,第1731回,2022年10月10日
1732,3,18,19,34,38,42,14,第1732回,2022年10月13日
1733,22,24,25,27,29,39,7,第1733回,2022年10月17日
1734,5,6,11,19,28,35,42,第1734回,2022年10月20日
1735,1,21,24,33,40,41,12,第1735回,2022年10月24日
1736,6,9,25,26,27,32,11,第1736回,2022年10月27日
1737,12,14,22,24,29,33,3,第1737回,2022年10月31日
1738,7,12,20,31,33,43,14,第1738回,2022年11月3日
1739,1,7,12,36,37,39,41,第1739回,2022年11月7日
1740,14,21,24,27,31,38,5,第1740回,2022年11月10日
1741,4,14,17,19,22,42,6,第1741回,2022年11月14日
1742,16,20,22,29,33,40,25,第1742回,2022年11月17日
1743,3,17,18,19,20,42,9,第1743回,2022年11月21日
1744,1,8,21,25,26,35,20,第1744回,2022年11月24日
1745,7,9,10,21,39,40,32,第1745回,2022年11月28日
1746,3,11,14,22,27,32,31,第1746回,2022年12月1日
1747,1,9,11,14,15,40,32,第1747回,2022年12月5日
1748,8,11,23,28,36,39,6,第1748回,2022年12月8日
1749,1,4,13,17,31,34,18,第1749回,2022年12月12日
1750,3,15,18,21,34,40,1,第1750回,2022年12月15日
1751,1,12,21,24,29,42,32,第1751回,2022年12月19日
1752,2,5,15,20,22,36,8,第1752回,2022年12月22日
1753,1,2,4,9,22,25,38,第1753回,2022年12月26日
1754,3,6,7,19,35,39,21,第1754回,2022年12月29日
1755,4,11,13,26,27,36,15,第1755回,2023年1月5日
1756,19,25,29,36,37,41,2,第1756回,2023年1月9日
1757,6,12,15,35,36,39,42,第1757回,2023年1月12日
1758,7,14,28,32,42,43,17,第1758回,2023年1月16日
1759,1,10,25,27,28,33,15,第1759回,2023年1月19日
1760,8,14,18,38,39,42,30,第1760回,2023年1月23日
1761,5,7,13,21,23,30,42,第1761回,2023年1月26日
1762,1,6,7,20,37,40,10,第1762回,2023年1月30日
